"sample","pred"
"sample_1",12.8690467566371
"sample_10",13.122631653799
"sample_100",14.0918518893346
"sample_1000",12.5453195928024
"sample_1001",12.919566813974
"sample_1002",13.0850263536035
"sample_1003",13.046820458769
"sample_1004",12.8596495119646
"sample_1005",13.1722999370431
"sample_1006",13.2432069308479
"sample_1007",13.1032327739066
"sample_1008",12.9345319153263
"sample_1009",12.8622490201893
"sample_101",12.9406098393773
"sample_1010",13.1182814167506
"sample_1011",13.1344695640966
"sample_1012",13.0102741482832
"sample_1013",12.9858894351173
"sample_1014",13.4808403984206
"sample_1015",13.0260914807146
"sample_1016",13.122631653799
"sample_1017",12.8882249930332
"sample_1018",12.7605372459584
"sample_1019",13.0339582826333
"sample_102",13.0360041173789
"sample_1020",13.1288163051533
"sample_1021",12.8197922225362
"sample_1022",12.9557291717314
"sample_1023",13.0438171416227
"sample_1024",12.8273803164371
"sample_1025",12.8521965352615
"sample_1026",13.4567842897985
"sample_1027",13.140012175092
"sample_1028",13.3069227800184
"sample_1029",12.8245842583326
"sample_103",13.0850263536035
"sample_1030",12.995872015497
"sample_1031",12.9473017384172
"sample_1032",13.0745874580024
"sample_1033",13.1355464109404
"sample_1034",13.0017954977791
"sample_1035",13.0529111271635
"sample_1036",13.1433610317819
"sample_1037",13.0653853533858
"sample_1038",12.8858600989105
"sample_1039",13.1280232982115
"sample_104",13.196237194655
"sample_1040",13.1936428689641
"sample_1041",13.5617034921441
"sample_1042",13.1415240780315
"sample_1043",13.0433410280038
"sample_1044",12.9459447853851
"sample_1045",12.9989791480673
"sample_1046",12.6290311658688
"sample_1047",13.042420724055
"sample_1048",13.072552537359
"sample_1049",12.610755047409
"sample_105",13.0929407813918
"sample_1050",13.1355464109404
"sample_1051",13.3660466846168
"sample_1052",12.9474817589009
"sample_1053",12.8555799217633
"sample_1054",13.0348180502033
"sample_1055",13.0470369831363
"sample_1056",13.0164173790921
"sample_1057",13.134573257024
"sample_1058",12.6861144936347
"sample_1059",12.9889040043897
"sample_106",13.0351217463201
"sample_1060",13.2748855513142
"sample_1061",13.6735301211574
"sample_1062",12.9943591340806
"sample_1063",13.2256098460311
"sample_1064",13.1406732968097
"sample_1065",13.0596208144409
"sample_1066",12.7353191072278
"sample_1067",13.079388760691
"sample_1068",13.0053205111343
"sample_1069",13.1208557263189
"sample_107",12.9066520568325
"sample_1070",13.176531345471
"sample_1071",12.8573265159109
"sample_1072",13.5186079350744
"sample_1073",12.9797096527144
"sample_1074",13.3547638063051
"sample_1075",13.0541431410667
"sample_1076",13.1355464109404
"sample_1077",13.0675007213177
"sample_1078",13.0436445738028
"sample_1079",12.8989691229688
"sample_108",13.0614932842125
"sample_1080",12.9324779505114
"sample_1081",13.6576168465366
"sample_1082",13.1483424590898
"sample_1083",13.1146729005572
"sample_1084",13.0837255819031
"sample_1085",13.112837705678
"sample_1086",13.1468774768937
"sample_1087",13.0642424194152
"sample_1088",12.9804412532491
"sample_1089",13.0377748718092
"sample_109",12.9066520568325
"sample_1090",12.9757248278318
"sample_1091",13.0770676003618
"sample_1092",13.122631653799
"sample_1093",12.9822487119309
"sample_1094",13.1795714337888
"sample_1095",13.246413945291
"sample_1096",12.928798251104
"sample_1097",13.0439576975708
"sample_1098",13.6452937222911
"sample_1099",12.997734129772
"sample_11",13.1043713205334
"sample_110",12.744480103979
"sample_1100",12.9474817589009
"sample_1101",12.711278372296
"sample_1102",13.164217978385
"sample_1103",13.0611072532205
"sample_1104",12.8508330493951
"sample_1105",12.996464842722
"sample_1106",13.1197584202716
"sample_1107",13.0986728934518
"sample_1108",12.6982187509442
"sample_1109",13.0242281382497
"sample_111",13.1046978772304
"sample_1110",13.0071106657985
"sample_1111",13.0271098992242
"sample_1112",12.4727686617271
"sample_1113",12.9275183559418
"sample_1114",13.1154082122023
"sample_1115",12.9867390015591
"sample_1116",12.8593088790494
"sample_1117",12.9647109103013
"sample_1118",12.8682942353465
"sample_1119",13.0263094531354
"sample_112",12.9714192486567
"sample_1120",13.2276896123154
"sample_1121",13.0850263536035
"sample_1122",13.0881933294725
"sample_1123",13.3391552208198
"sample_1124",13.0150939220772
"sample_1125",12.9864507036952
"sample_1126",12.4988844268057
"sample_1127",12.8480002908081
"sample_1128",13.0892522879586
"sample_1129",12.8066648049124
"sample_113",12.9448539670962
"sample_1130",13.2195511755681
"sample_1131",13.2559856276534
"sample_1132",12.9077388905506
"sample_1133",13.122631653799
"sample_1134",13.2611074680728
"sample_1135",12.9288136191082
"sample_1136",13.4900639501411
"sample_1137",13.024379787649
"sample_1138",12.3871613708763
"sample_1139",13.0655054005445
"sample_114",12.9184920807343
"sample_1140",13.0182780700176
"sample_1141",12.8200241042708
"sample_1142",12.9570120227147
"sample_1143",13.0727962759558
"sample_1144",13.1949944759791
"sample_1145",13.0916512251959
"sample_1146",13.2076308566864
"sample_1147",13.046820458769
"sample_1148",12.8683873307881
"sample_1149",13.1013215404964
"sample_115",13.020331144271
"sample_1150",12.8772917428013
"sample_1151",12.9871681362389
"sample_1152",13.0461448770751
"sample_1153",12.8923873848871
"sample_1154",12.8065862437662
"sample_1155",12.9026085281009
"sample_1156",12.7784720015304
"sample_1157",12.6077614897423
"sample_1158",12.9066520568325
"sample_1159",12.7534404105103
"sample_1160",12.8011961404416
"sample_1161",12.9900548491851
"sample_1162",12.941864204088
"sample_1163",13.1845256120958
"sample_1164",12.7200618360283
"sample_1165",12.8108077541505
"sample_1166",12.9721908638449
"sample_1167",13.1920632034168
"sample_1168",13.14866967383
"sample_1169",13.0929407813918
"sample_117",12.9109632924236
"sample_1170",13.2587527475176
"sample_1171",12.832280256429
"sample_1172",12.5192905330228
"sample_1173",13.0009474872172
"sample_1174",13.0428641523267
"sample_1175",13.0071480781531
"sample_1176",13.0840070486409
"sample_1177",13.0800260242504
"sample_1178",13.1692072273593
"sample_1179",13.1644605404252
"sample_1180",12.9066520568325
"sample_1181",13.1586388296377
"sample_1182",12.9946889152419
"sample_1183",13.6181402474293
"sample_1184",13.025664048333
"sample_1185",13.0865633271193
"sample_1186",13.1281496517053
"sample_1187",13.0720672710087
"sample_1188",12.994119429163
"sample_1189",12.8198777396698
"sample_119",13.5686016803264
"sample_1190",12.820632488617
"sample_1191",12.9211992877454
"sample_1192",12.9328868680214
"sample_1193",13.2047395009129
"sample_1194",13.0012778845007
"sample_1195",13.0071987626986
"sample_1196",13.0969437442498
"sample_1197",13.0565648130327
"sample_1198",12.9291412448593
"sample_1199",13.1368787882863
"sample_12",13.2830161452883
"sample_120",13.1674423802579
"sample_1200",13.122631653799
"sample_1201",13.0530908696898
"sample_1202",13.2179624375948
"sample_1203",13.0771908423594
"sample_1204",13.1358656078449
"sample_1205",13.0307298166614
"sample_1206",12.9513277114941
"sample_1207",13.0939205717582
"sample_1208",12.8006128990319
"sample_1209",12.7414785953947
"sample_121",13.2428831992208
"sample_1210",13.0052649018281
"sample_1211",12.9980332050421
"sample_1212",12.8564782064029
"sample_1213",13.2278665654474
"sample_1214",13.122631653799
"sample_1215",13.1216123488364
"sample_1216",13.1555026026257
"sample_1217",12.913148589133
"sample_1218",12.9241862175433
"sample_1219",12.8118004562239
"sample_122",13.0820811796927
"sample_1220",13.0443506491216
"sample_1221",12.9942117134543
"sample_1222",13.0972469300281
"sample_1223",13.1494545406298
"sample_1224",13.0725999851222
"sample_1225",13.1173056912635
"sample_1226",12.9159181334584
"sample_1227",12.9129404380781
"sample_1228",13.1598365594885
"sample_1229",13.2135273366999
"sample_123",12.6177185862104
"sample_1230",13.0775267516957
"sample_1231",12.9509925219549
"sample_1232",12.380550481855
"sample_1233",13.1105008168751
"sample_1234",13.046820458769
"sample_1235",12.781590082755
"sample_1236",12.5654444156333
"sample_1237",12.8905023815151
"sample_1238",13.0574949262046
"sample_1239",13.1525410178619
"sample_124",13.4154748256807
"sample_1240",12.9891100630734
"sample_1241",13.1615844309715
"sample_1242",13.123426577414
"sample_1243",13.3750945417819
"sample_1244",13.2767664379209
"sample_1245",13.1850166086211
"sample_1246",12.7927543071355
"sample_1247",12.9571850818024
"sample_1248",12.8815807046867
"sample_1249",13.0457336250509
"sample_125",12.8516654721461
"sample_1250",13.2492292398371
"sample_1251",13.0198540217688
"sample_1252",13.1681426951877
"sample_1253",12.5355602336658
"sample_1254",13.0271117248169
"sample_1255",13.0299623150638
"sample_1256",12.7403098812518
"sample_1257",12.9980891807832
"sample_1258",12.8407768492114
"sample_1259",12.8147502196949
"sample_126",13.2811273012257
"sample_1260",12.7044597297579
"sample_1261",12.7614960641124
"sample_1262",13.0271098992242
"sample_1263",13.1744840884817
"sample_1264",13.0160427526438
"sample_1265",12.8064543949321
"sample_1266",13.042420724055
"sample_1267",13.1168861517276
"sample_1268",13.122631653799
"sample_1269",13.004145820237
"sample_127",13.2160704130677
"sample_1270",13.027856583134
"sample_1271",12.9613127243494
"sample_1274",14.3226883372871
"sample_1276",13.1634613558674
"sample_1277",13.7957788574739
"sample_1278",12.7521173973272
"sample_1279",13.1898250907483
"sample_128",13.3291125742086
"sample_1280",13.4125200891175
"sample_1281",13.199367180367
"sample_1282",12.9827971797394
"sample_1283",13.0184656674977
"sample_1284",13.0368616859654
"sample_1285",13.1358407740539
"sample_1286",12.9263037851674
"sample_1287",12.9818992256908
"sample_1288",12.9800193089777
"sample_1289",12.9527536665848
"sample_129",13.1739095914375
"sample_1290",13.0772196595767
"sample_1291",13.2193457352871
"sample_1292",12.7961264938682
"sample_1293",13.0800260242504
"sample_1294",13.0897881980398
"sample_1295",13.1347819794149
"sample_1296",13.0850263536035
"sample_1297",13.1266126781895
"sample_1298",12.8334037778003
"sample_1299",12.9288597701543
"sample_13",13.0929407813918
"sample_130",13.558713937679
"sample_1300",13.0437478060859
"sample_1301",12.9973483746187
"sample_1302",13.0502373005136
"sample_1303",13.122631653799
"sample_1304",13.4999852625106
"sample_1305",13.1208557263189
"sample_1306",13.1374766034847
"sample_1307",13.1840420302462
"sample_1308",12.9833340030137
"sample_1309",13.052438320068
"sample_131",12.966609529025
"sample_1310",13.2912690887787
"sample_1311",13.0865633271193
"sample_1312",12.9817741581004
"sample_1313",13.0713758291844
"sample_1314",13.042420724055
"sample_1315",13.122631653799
"sample_1316",13.0702901430358
"sample_1317",12.4688985228026
"sample_1318",13.269522790147
"sample_1319",12.9603965160424
"sample_132",13.1714219347019
"sample_1320",13.0356223255798
"sample_1321",12.8836992126246
"sample_1322",13.0800260242504
"sample_1323",13.4066417787556
"sample_1324",13.0800260242504
"sample_1325",13.3086065663019
"sample_1326",12.9884784745502
"sample_1327",13.122631653799
"sample_1328",12.8375318358612
"sample_1329",12.9219775762896
"sample_133",13.0800260242504
"sample_1330",13.4124842507069
"sample_1331",13.0685918050429
"sample_1332",13.2644924678013
"sample_1333",12.8545842216162
"sample_1334",13.0966091885135
"sample_1335",13.1139867471827
"sample_1336",12.8383609874086
"sample_1337",13.0850263536035
"sample_1338",12.9618164621117
"sample_1339",13.0850263536035
"sample_134",12.8787653809326
"sample_1340",12.8680274516745
"sample_1341",13.1843436896596
"sample_1342",13.1812834198234
"sample_1343",13.1666485772376
"sample_1344",13.0630884928741
"sample_1345",12.9645999236255
"sample_1346",12.9983962867035
"sample_1347",12.894357223829
"sample_1348",13.1984384367723
"sample_1349",13.0647151994196
"sample_135",13.2998620566109
"sample_1350",13.1555668368405
"sample_1351",13.092986932438
"sample_1352",12.879124695798
"sample_1353",13.122631653799
"sample_1354",13.022129915715
"sample_1355",13.7167663864289
"sample_1356",12.9957667245784
"sample_1357",12.9275097561512
"sample_1358",12.9481068440174
"sample_1359",12.7353661032502
"sample_136",12.8081312228689
"sample_1360",12.8644634182846
"sample_1361",13.0807816817393
"sample_1362",13.2470651648753
"sample_1363",12.857579594247
"sample_1364",12.7443928441711
"sample_1365",13.2287534446754
"sample_1366",13.0732114240646
"sample_1367",13.0606565900058
"sample_1368",13.3783911643911
"sample_1369",12.836364694071
"sample_137",12.772853598815
"sample_1370",13.2541981775254
"sample_1371",12.7264166925896
"sample_1372",12.2494020811006
"sample_1373",13.3975314347492
"sample_1374",13.1208557263189
"sample_1375",12.7991919949409
"sample_1376",13.0224790604702
"sample_1377",13.0457336250509
"sample_1378",13.1638988297044
"sample_1379",12.9671508426308
"sample_138",12.9066520568325
"sample_1380",13.0980743120315
"sample_1381",13.2116768028748
"sample_1382",13.0850263536035
"sample_1383",12.8769611844254
"sample_1384",12.9612467474841
"sample_1385",13.1915711618539
"sample_1386",13.1617203473802
"sample_1387",13.5416581423977
"sample_1388",13.065966112235
"sample_1389",13.144946183123
"sample_139",13.3756114211916
"sample_1390",13.0548284135379
"sample_1391",13.122631653799
"sample_1392",13.2312819810864
"sample_1393",13.0728813054884
"sample_1394",13.0742702468047
"sample_1395",13.677228164769
"sample_1396",12.8046828481725
"sample_1397",13.1370471100582
"sample_1398",12.9835500855806
"sample_1399",13.0982715247945
"sample_14",13.1368787882863
"sample_140",13.3526792616303
"sample_1400",13.0253339717441
"sample_1401",13.0800260242504
"sample_1402",13.0840070486409
"sample_1403",13.0306974015942
"sample_1404",12.8148216074228
"sample_1405",12.4975178404386
"sample_1406",12.9661593821701
"sample_1407",13.1153728302496
"sample_1408",12.9701842730715
"sample_1409",12.990174957173
"sample_141",12.8436123350485
"sample_1410",13.1197584202716
"sample_1411",13.0087320327218
"sample_1412",12.9931245164659
"sample_1413",13.212916171567
"sample_1414",13.1460131578975
"sample_1415",13.2339135591788
"sample_1416",13.0850263536035
"sample_1417",13.0975464307225
"sample_1418",13.1506611220238
"sample_1419",13.2198350312452
"sample_142",12.8593120759152
"sample_1420",13.2510410039205
"sample_1421",13.4557732913396
"sample_1422",13.200413705877
"sample_1423",13.1355464109404
"sample_1424",12.9502118704761
"sample_1425",12.9157468453195
"sample_1426",12.9459447853851
"sample_1427",13.033318235574
"sample_1428",13.0985660657937
"sample_1429",13.080854358434
"sample_143",13.5093849290447
"sample_1430",13.0346307906352
"sample_1431",12.864046427284
"sample_1432",12.9538317879133
"sample_1433",13.1355464109404
"sample_1434",13.2781629732474
"sample_1435",12.9757145743365
"sample_1436",13.1763761130088
"sample_1437",13.0559601061365
"sample_1438",13.0081283248555
"sample_1439",12.7312064634449
"sample_1440",12.8469513761341
"sample_1441",12.7782243895878
"sample_1442",12.8976730594884
"sample_1443",13.0274437670216
"sample_1444",13.1624420509048
"sample_1445",13.0450445312889
"sample_1446",13.1558645940825
"sample_1447",12.9852509535854
"sample_1448",13.0969218057824
"sample_1449",13.160221973509
"sample_145",13.0879539900769
"sample_1450",13.0457336250509
"sample_1451",13.4000789100712
"sample_1452",13.0480632037681
"sample_1453",13.1115346611996
"sample_1454",13.0831113299002
"sample_1455",12.7416866419985
"sample_1456",12.8887182802639
"sample_1457",12.919566813974
"sample_1458",12.8064399565967
"sample_1459",13.0350704780586
"sample_146",13.1295729276709
"sample_1460",13.0336265927832
"sample_1461",12.8111303022577
"sample_1462",13.1610839215038
"sample_1463",12.9791722847201
"sample_1464",13.3118409348153
"sample_1465",12.9178370375399
"sample_1466",13.122631653799
"sample_1467",13.0081283248555
"sample_1468",12.6705612448754
"sample_1469",12.9155048161452
"sample_147",12.9948608962446
"sample_1470",12.7885591862542
"sample_1471",13.1784553384496
"sample_1472",13.2050476804534
"sample_1473",13.0850263536035
"sample_1474",13.5877569758329
"sample_1475",13.1387708128134
"sample_1476",13.0850263536035
"sample_1477",13.1425065998745
"sample_1478",13.1112893584845
"sample_1479",12.8702201536497
"sample_148",12.8879223926533
"sample_1480",13.1634613558674
"sample_1481",13.1216123488364
"sample_1482",13.0879866030849
"sample_1483",12.8724271863885
"sample_1484",13.0986829425238
"sample_1485",13.2391639162769
"sample_1486",13.024379787649
"sample_1487",13.2129942287246
"sample_1488",12.9282861121685
"sample_1489",13.0061425058904
"sample_149",13.4637392817372
"sample_1490",13.2138142691246
"sample_1491",12.8538034605618
"sample_1492",13.0850263536035
"sample_1493",12.9822875726466
"sample_1494",12.4361960648869
"sample_1495",13.122631653799
"sample_1496",13.097941110745
"sample_1497",13.0832504261234
"sample_1498",13.1601544348511
"sample_1499",12.7803773332334
"sample_15",13.0741903983441
"sample_150",13.0877544769937
"sample_1500",12.8450879962899
"sample_1501",13.0091880925658
"sample_1502",12.9927968907148
"sample_1503",13.3932305396872
"sample_1504",13.122631653799
"sample_1505",13.2163276217124
"sample_1506",13.0655506962991
"sample_1507",12.9296269703149
"sample_1508",13.0373224534562
"sample_1509",12.7632595922415
"sample_151",13.1526293690983
"sample_1510",12.9014389254359
"sample_1511",13.0525668759558
"sample_1512",13.1387134184435
"sample_1513",12.7238099557662
"sample_1514",13.161071188193
"sample_1515",12.8758974940819
"sample_1516",12.9153048665016
"sample_1517",12.9993360191764
"sample_1518",13.0938650785331
"sample_1519",13.1116893485296
"sample_152",13.3879159233363
"sample_1520",12.9048761293524
"sample_1521",12.7996520644791
"sample_1522",12.9753789621747
"sample_1523",13.0464581105522
"sample_1524",12.7445514006476
"sample_1525",12.9474817589009
"sample_1526",13.1017901375581
"sample_1527",13.4816478235535
"sample_1528",13.1231950078705
"sample_1529",12.7850593472878
"sample_153",12.9037138791798
"sample_1530",12.8990572276939
"sample_1531",13.1113858420569
"sample_1532",13.1025201836334
"sample_1533",12.807595331128
"sample_1534",13.1238488721998
"sample_1535",13.2374063449269
"sample_1536",13.1128969730771
"sample_1537",13.190062249076
"sample_1538",12.8066135748689
"sample_1539",12.8560876740422
"sample_154",12.9701949215954
"sample_1540",12.9494559052652
"sample_1541",12.9027975699789
"sample_1542",13.4172001273691
"sample_1543",12.9392146596432
"sample_1544",12.9841384135022
"sample_1545",12.9835500855806
"sample_1546",13.1750481103445
"sample_1547",12.9902722163718
"sample_1548",13.0489580269239
"sample_1549",13.1266126781895
"sample_155",13.113229966227
"sample_1550",13.122631653799
"sample_1551",13.0729807955535
"sample_1552",12.8573663352538
"sample_1553",12.914612635667
"sample_1554",13.1737196569563
"sample_1555",13.9131843775432
"sample_1556",13.1219455004245
"sample_1557",13.3990468590491
"sample_1558",13.0800260242504
"sample_1559",13.0913258539739
"sample_156",13.352509521622
"sample_1560",13.1499571639586
"sample_1561",13.1091974976879
"sample_1562",13.2106574979123
"sample_1563",13.1117996670299
"sample_1564",12.8935463289121
"sample_1565",13.1771327355264
"sample_1566",13.0622895477728
"sample_1567",13.1898105742716
"sample_1568",12.9722450967288
"sample_1569",13.1912357498546
"sample_157",13.351498098023
"sample_1570",13.1485176265238
"sample_1571",12.9587535945086
"sample_1572",13.0323004337594
"sample_1573",12.9127245947794
"sample_1574",13.2063774085014
"sample_1575",13.0684623918905
"sample_1576",13.0107521320894
"sample_1577",12.9983309114967
"sample_1578",12.8688563345823
"sample_1579",12.8487356024532
"sample_158",13.1771327355264
"sample_1580",12.9088571537429
"sample_1581",12.82982155684
"sample_1582",13.0166469479959
"sample_1583",13.0123065906107
"sample_1584",13.3141423348696
"sample_1585",13.0580260014927
"sample_1586",13.0215065541216
"sample_1587",12.9033354537129
"sample_1588",12.8690467566371
"sample_1589",12.9993341935837
"sample_159",13.1634613558674
"sample_1590",12.9878171706716
"sample_1591",12.9927849876641
"sample_1592",13.1305922326334
"sample_1593",12.9379259733815
"sample_1594",12.9009430881472
"sample_1595",13.0031279955024
"sample_1596",13.0723646521676
"sample_1597",12.9866750760197
"sample_1598",12.9714192486567
"sample_1599",12.9384009033861
"sample_16",13.1547901862925
"sample_160",12.8250102338164
"sample_1600",12.8981661730939
"sample_1601",13.1387708128134
"sample_1602",13.122631653799
"sample_1603",12.9590963766344
"sample_1604",12.8690467566371
"sample_1605",13.1620737914102
"sample_1606",13.3788919890832
"sample_1607",13.3921854706685
"sample_1608",12.9066520568325
"sample_1609",12.9773157200302
"sample_161",12.8444715008427
"sample_1610",13.1186437938471
"sample_1611",13.1812677037793
"sample_1612",13.489723942448
"sample_1613",13.1816458532999
"sample_1614",13.1634613558674
"sample_1615",13.0256678395415
"sample_1616",13.0167806941935
"sample_1617",13.0352304761549
"sample_1618",12.8907012512542
"sample_1619",13.1368708901777
"sample_162",12.8771793701566
"sample_1620",12.9514591351525
"sample_1621",12.8258726215178
"sample_1622",12.8691915436344
"sample_1623",13.1896064321343
"sample_1624",13.065966112235
"sample_1625",12.6239237615457
"sample_1626",12.42299870641
"sample_1627",13.0317677222923
"sample_1628",13.039110935522
"sample_1629",13.1433421297367
"sample_163",13.1214221621747
"sample_1630",12.9974190268171
"sample_1631",13.0068360355697
"sample_1632",13.0060096017697
"sample_1633",13.3276264623918
"sample_1634",12.9904913594524
"sample_1635",12.8764541167669
"sample_1636",12.963323588999
"sample_1637",13.2304901939823
"sample_1638",13.121084627951
"sample_1639",12.9547488078926
"sample_164",13.1088926206452
"sample_1640",12.9002339465842
"sample_1641",12.9309562367898
"sample_1642",13.3098216046021
"sample_1643",13.5469952777398
"sample_1644",13.4142690919723
"sample_1645",13.471382585564
"sample_1646",12.8986933035908
"sample_1647",12.8116310470249
"sample_1648",13.1981994664531
"sample_1649",12.8991494404874
"sample_165",13.122631653799
"sample_1650",13.287622627003
"sample_1651",12.9525610047982
"sample_1652",12.9064871967943
"sample_1653",13.0108131573534
"sample_1654",12.9585044915153
"sample_1655",12.864046427284
"sample_1656",12.8519600043261
"sample_1657",12.5356194630548
"sample_1658",13.0077700620821
"sample_1659",13.1168779974676
"sample_166",13.0681187464515
"sample_1660",12.9585044915153
"sample_1661",13.1178185469177
"sample_1662",12.8467632443597
"sample_1663",12.9066520568325
"sample_1664",12.9505457382735
"sample_1665",12.584582085303
"sample_1666",12.910633081223
"sample_1667",13.103629286434
"sample_1668",13.1216123488364
"sample_1669",13.1371179637861
"sample_167",13.0579909320243
"sample_1670",13.1634613558674
"sample_1671",13.4871927999221
"sample_1672",13.1090123801426
"sample_1673",13.3775491330763
"sample_1674",13.122631653799
"sample_1675",13.5165053905657
"sample_1676",13.1197584202716
"sample_1677",12.9519270204631
"sample_1678",13.1295954404263
"sample_1679",13.1387708128134
"sample_168",12.9977972200679
"sample_1680",13.122631653799
"sample_1681",13.0271098992242
"sample_1682",13.0986728934518
"sample_1683",12.9817741581004
"sample_1684",12.7904213323185
"sample_1685",13.0996744085683
"sample_1686",13.5258771564108
"sample_1687",13.3739931379362
"sample_1688",12.6927134776792
"sample_1689",13.2391167245368
"sample_169",12.9117689522801
"sample_1690",13.1355464109404
"sample_1691",13.196715638365
"sample_1692",13.0876501608374
"sample_1693",13.3732976251791
"sample_1694",13.0097866470105
"sample_1695",12.8579724180704
"sample_1696",12.8868248512729
"sample_1697",13.2001594375785
"sample_1698",13.5855431381231
"sample_1699",13.4889909539369
"sample_17",13.1250993138853
"sample_170",13.2009703479319
"sample_1700",12.6391543638047
"sample_1701",12.8197467015396
"sample_1702",13.092986932438
"sample_1703",12.9256336312012
"sample_1704",13.0561875103841
"sample_1706",13.0086473102407
"sample_1707",13.0549466638838
"sample_1708",13.0488051384798
"sample_1709",12.9381469236913
"sample_171",12.7829935976538
"sample_1710",12.8270862353017
"sample_1711",13.0956107396719
"sample_1712",13.122631653799
"sample_1713",13.0201673380608
"sample_1714",12.9121420051523
"sample_1715",13.4397218705997
"sample_1716",13.2015281544787
"sample_1717",12.9404332752371
"sample_1718",13.1045054802111
"sample_1719",13.1483233875766
"sample_172",12.699617232117
"sample_1720",13.1003942925678
"sample_1721",13.4614953809824
"sample_1722",12.9765972686996
"sample_1723",13.098120426966
"sample_1724",12.9066520568325
"sample_1725",12.9066520568325
"sample_1726",13.2798967586233
"sample_1727",13.1167918779298
"sample_1728",12.9152166651231
"sample_1729",12.8873519059282
"sample_173",13.2007794013552
"sample_1730",12.8454029187439
"sample_1731",16.4232548537845
"sample_1732",16.769133496277
"sample_1733",15.3951771236014
"sample_1734",16.1619044535749
"sample_1735",16.1619044535749
"sample_1736",15.3630598288819
"sample_1737",15.9307066771719
"sample_1738",15.1607438406212
"sample_1739",15.5411129844488
"sample_174",13.3831198665958
"sample_1740",15.3751158441949
"sample_1741",15.062137702933
"sample_1742",14.7619016628571
"sample_1743",15.2696255021263
"sample_1744",14.88355002446
"sample_1745",15.2860865204942
"sample_1746",15.2526955502475
"sample_1747",14.8423518451072
"sample_1748",16.3499159658014
"sample_1749",16.2414973181523
"sample_175",12.9522983453353
"sample_1750",16.3524916808707
"sample_1751",16.0137116997159
"sample_1752",15.7493517715037
"sample_1753",15.1574850318576
"sample_1754",15.0698966609367
"sample_1755",15.9291643068074
"sample_1756",15.8520157556308
"sample_1757",15.7647982427877
"sample_1758",16.5869100897728
"sample_1759",16.5735573875331
"sample_176",13.0271098992242
"sample_1760",15.0170987268745
"sample_1761",15.3751158441949
"sample_1762",15.8055999146906
"sample_1763",17.2872264778498
"sample_1764",16.0137116997159
"sample_1765",14.7315784033766
"sample_1766",15.3751158441949
"sample_1767",15.4551179925183
"sample_1768",16.0128607042519
"sample_1769",15.9244486972145
"sample_177",12.9550749809252
"sample_1770",15.698029850878
"sample_1771",14.9043948005172
"sample_1772",14.8724175034333
"sample_1773",15.2311589016647
"sample_1774",15.4255993864347
"sample_1775",15.2308257500766
"sample_1776",14.8724175034333
"sample_1777",15.4839794287919
"sample_1778",14.8148395407201
"sample_1779",15.3885930650071
"sample_178",13.4547204946862
"sample_1780",16.584227486044
"sample_1781",15.3751158441949
"sample_1782",15.3344978836115
"sample_1783",15.4251426584889
"sample_1784",15.7380094761892
"sample_1785",15.8326977904791
"sample_1786",14.7791090854862
"sample_1787",14.7201128362009
"sample_1788",15.0811465993048
"sample_1789",14.6539347359309
"sample_179",13.4398522746331
"sample_1790",15.1442994332504
"sample_1791",15.2321121824462
"sample_1792",15.0542329304022
"sample_1793",15.3751158441949
"sample_1794",15.3751158441949
"sample_1795",16.0689009285915
"sample_1796",15.171227866857
"sample_1797",14.9303672889978
"sample_1798",14.8026536147622
"sample_1799",16.1343372818016
"sample_18",13.0052550913281
"sample_180",13.0860304852918
"sample_1800",15.1417053245918
"sample_1801",16.4554724297868
"sample_1802",15.3751158441949
"sample_1803",15.7265777978856
"sample_1804",15.9117228109309
"sample_1805",15.3751158441949
"sample_1807",15.3751158441949
"sample_1808",15.3751158441949
"sample_1809",15.3751158441949
"sample_181",12.988890367132
"sample_1810",15.3751158441949
"sample_1811",15.3751158441949
"sample_1812",14.7597627332346
"sample_1813",15.009018854645
"sample_1814",15.3751158441949
"sample_1815",15.3751158441949
"sample_1816",14.670924547471
"sample_1817",15.0480497368896
"sample_1818",14.8592817969859
"sample_1819",14.9713702697795
"sample_182",13.1197602458643
"sample_1820",15.3751158441949
"sample_1821",15.9266293486721
"sample_1822",16.319357374711
"sample_1823",15.7005416934791
"sample_1824",15.1089821681566
"sample_1825",14.9084571267657
"sample_1826",15.7779026567863
"sample_1827",16.6235842018271
"sample_1828",16.5761388761202
"sample_1829",15.3751158441949
"sample_183",13.0339542185343
"sample_1830",15.3751158441949
"sample_1831",16.2871704581001
"sample_1832",15.4088127916461
"sample_1833",14.9692113503987
"sample_1834",15.3751158441949
"sample_1835",15.3751158441949
"sample_1836",14.8805109897154
"sample_1837",15.3751158441949
"sample_1838",16.0137116997159
"sample_1839",15.3751158441949
"sample_184",13.0950678772176
"sample_1840",15.3751158441949
"sample_1841",15.3751158441949
"sample_1842",15.9445373442801
"sample_1843",15.3866325171098
"sample_1844",14.8112368775678
"sample_1845",15.3751158441949
"sample_1846",15.3751158441949
"sample_1847",15.471185462679
"sample_1848",16.5888438896025
"sample_1849",15.4251426584889
"sample_185",13.1451703068635
"sample_1850",15.2488741737058
"sample_1851",15.3751158441949
"sample_1852",15.3751158441949
"sample_1853",15.0980282562831
"sample_1854",15.0811523546225
"sample_1856",15.9828557718206
"sample_1857",15.9678694453767
"sample_1858",15.2843999918055
"sample_1859",16.3087050850262
"sample_186",13.0529848553971
"sample_1860",15.0290930401592
"sample_1861",14.7153128129083
"sample_1862",15.8538378356309
"sample_1863",15.3751158441949
"sample_1864",15.3751158441949
"sample_1865",14.8022134805756
"sample_1867",14.6684801326557
"sample_1868",15.2526955502475
"sample_1869",14.9670159495231
"sample_187",12.9822877786961
"sample_1870",14.9721213154417
"sample_1871",14.6074616256784
"sample_1872",14.8136764061108
"sample_1873",15.3281771923895
"sample_1874",15.0233694303061
"sample_1875",15.3751158441949
"sample_1876",15.2526955502475
"sample_1877",15.4306263268918
"sample_1878",14.7342805039543
"sample_1879",14.954319281504
"sample_188",13.2698148722776
"sample_1880",15.3791077520168
"sample_1881",15.3963809681975
"sample_1882",14.1647873462964
"sample_1883",15.7118377294169
"sample_1884",15.4668302305166
"sample_1885",14.6438783120925
"sample_1886",15.3472930426338
"sample_1887",15.4240780970053
"sample_1888",15.5427115146812
"sample_1889",15.8365603383942
"sample_189",13.0770676003618
"sample_1890",14.6230928308726
"sample_1891",15.3751158441949
"sample_1892",15.3595038324933
"sample_1893",14.6373405862652
"sample_1894",15.4082596615326
"sample_1895",13.7470083165502
"sample_1896",15.3751158441949
"sample_1897",15.0427906542699
"sample_1898",15.3751158441949
"sample_1899",15.3643925147473
"sample_19",12.9939212784283
"sample_190",12.9788157342118
"sample_1900",15.2144224254494
"sample_1901",15.4251426584889
"sample_1902",15.7493517715037
"sample_1903",15.3751158441949
"sample_1904",15.3751158441949
"sample_1905",15.6543429301869
"sample_1906",15.7959062482885
"sample_1907",15.5537040472481
"sample_1908",16.0702385971017
"sample_1909",15.3751158441949
"sample_191",12.9264359665111
"sample_1910",15.3751158441949
"sample_1911",15.2526955502475
"sample_1912",15.2144224254494
"sample_1913",15.1440906727937
"sample_1914",15.3751158441949
"sample_1915",15.1511606139168
"sample_1916",15.3751158441949
"sample_1917",15.3751158441949
"sample_1918",15.4278492996136
"sample_1919",15.1678709762873
"sample_192",12.4822013395123
"sample_1921",15.3751158441949
"sample_1922",15.9554235782888
"sample_1923",16.5735573875331
"sample_1924",16.9899857565388
"sample_1925",15.0481449670779
"sample_1926",15.0455733791184
"sample_1927",15.3790607970944
"sample_1928",15.5261767900166
"sample_1929",15.3751158441949
"sample_193",12.4083958977337
"sample_1930",15.2595130325669
"sample_1931",16.0744320593853
"sample_1932",15.3751158441949
"sample_1933",15.0927256201787
"sample_1934",15.1691694269058
"sample_1935",16.0160805392945
"sample_1936",15.3751158441949
"sample_1937",15.3751158441949
"sample_1938",15.3751158441949
"sample_1939",14.6607854301057
"sample_194",12.9896730693128
"sample_1940",15.4700825106626
"sample_1941",14.7007188432833
"sample_1942",15.3751158441949
"sample_1943",15.6998065793881
"sample_1944",15.8928270184772
"sample_1945",15.3751158441949
"sample_1946",15.1944487415173
"sample_1947",15.3751158441949
"sample_1948",15.3790607970944
"sample_1949",15.3790607970944
"sample_195",13.1942736486636
"sample_1950",15.3751158441949
"sample_1951",16.0744320593853
"sample_1952",15.3751158441949
"sample_1953",15.3432085529817
"sample_1954",15.3751158441949
"sample_1955",14.6901240901395
"sample_1956",14.7513245227834
"sample_1957",15.0041017810612
"sample_1958",15.3349195590498
"sample_1959",15.3262349885411
"sample_196",13.0405020081658
"sample_1960",15.1652706646759
"sample_1962",15.6204659866763
"sample_1963",15.2282673371473
"sample_1964",15.3751158441949
"sample_1965",15.3790607970944
"sample_1966",15.6592932403194
"sample_1967",15.4712893162674
"sample_1968",15.0581778833017
"sample_1969",16.5567054452053
"sample_197",12.8400730274943
"sample_1970",15.3959556877911
"sample_1971",15.3751158441949
"sample_1972",15.3751158441949
"sample_1973",16.4223587295299
"sample_1974",15.1597672260292
"sample_1975",16.6969867275969
"sample_1976",15.7284797133929
"sample_1977",15.9594459157303
"sample_1978",16.0318117281974
"sample_1979",16.490029946243
"sample_198",13.4955527908497
"sample_1980",16.3073434230969
"sample_1981",14.7996821556607
"sample_1982",15.1438488561145
"sample_1984",15.1535400789581
"sample_1985",15.8761898318487
"sample_1986",16.7578942195557
"sample_1987",16.7322247758409
"sample_1988",15.4278492996136
"sample_1989",15.2725554268855
"sample_199",13.5015015821762
"sample_1990",15.4334145528238
"sample_1991",15.3751158441949
"sample_1992",14.6932575974889
"sample_1993",16.0137116997159
"sample_1994",15.6545369871934
"sample_1995",16.0047428995771
"sample_1996",15.9547160852831
"sample_1997",15.965386183794
"sample_1998",15.551878303829
"sample_2",12.9681993061379
"sample_20",12.8046044151329
"sample_200",12.9197829231318
"sample_201",13.1090539412691
"sample_202",13.1822979730512
"sample_203",13.0820963174834
"sample_204",13.025407513807
"sample_205",12.5533130363787
"sample_206",12.9061408760376
"sample_207",13.1355464109404
"sample_208",13.4324495850144
"sample_209",13.2901233696732
"sample_21",12.5996729683169
"sample_210",13.0082825860686
"sample_211",13.2672346625696
"sample_212",13.0130037422385
"sample_213",13.0013415956931
"sample_214",13.0789623339069
"sample_215",12.7978221618099
"sample_216",13.232050100169
"sample_217",12.7405536385176
"sample_218",13.0695788400133
"sample_219",13.2074833832981
"sample_22",12.9801654338711
"sample_220",13.0081283248555
"sample_221",13.0247694186831
"sample_222",13.0060392736073
"sample_223",13.1401520602711
"sample_224",13.122631653799
"sample_225",13.165629272275
"sample_226",12.918107825746
"sample_227",12.7128488143573
"sample_228",12.7793605134645
"sample_229",13.0800260242504
"sample_23",13.1353370343199
"sample_230",13.0876501608374
"sample_231",13.122631653799
"sample_232",13.122631653799
"sample_233",12.3170614223855
"sample_234",13.0771377081111
"sample_235",12.9767733498929
"sample_236",13.0793210613851
"sample_237",13.1197584202716
"sample_238",13.126915730002
"sample_239",13.122631653799
"sample_240",12.8319762124274
"sample_241",13.4960074714412
"sample_242",13.1650724233093
"sample_243",13.0249710653128
"sample_244",12.2708688612225
"sample_245",13.0517507665954
"sample_246",13.1304817497191
"sample_247",12.9825332140587
"sample_248",12.7874640092702
"sample_249",12.5877780239421
"sample_25",12.9612731417529
"sample_250",12.8226232299198
"sample_251",13.708455549985
"sample_252",13.2085904365884
"sample_253",12.3846192591598
"sample_254",12.3485491814712
"sample_255",12.919566813974
"sample_256",13.0210430819969
"sample_257",13.1117996670299
"sample_258",13.203156005944
"sample_259",12.9735180595802
"sample_26",12.8474802355678
"sample_260",12.8240889876294
"sample_261",12.8988541951387
"sample_262",13.2803371902188
"sample_263",13.1076182287477
"sample_264",13.6227516256237
"sample_265",12.9854713492979
"sample_266",12.9440130042867
"sample_267",12.9442849737125
"sample_268",12.9891592794851
"sample_269",12.9895615294479
"sample_27",13.1219204276484
"sample_270",12.988713070234
"sample_271",13.1562592251432
"sample_272",13.5095877281122
"sample_273",13.0805824220016
"sample_274",12.9202022905727
"sample_275",13.0039886409697
"sample_276",13.1618362171001
"sample_277",12.7649244218369
"sample_278",12.9898325150124
"sample_279",13.0895460950509
"sample_28",12.8279676282752
"sample_280",13.1124727014689
"sample_281",12.9882580624297
"sample_282",13.2661714778057
"sample_283",12.8621748371134
"sample_284",12.8836981556189
"sample_285",12.8798169118721
"sample_286",12.585687854084
"sample_287",13.0934987038237
"sample_288",12.9824812221873
"sample_289",12.7715644566881
"sample_29",12.8579824075874
"sample_290",12.9792743394396
"sample_291",12.6921749428925
"sample_292",12.756828907015
"sample_293",12.9453518905923
"sample_294",13.1112893584845
"sample_295",12.9381299090467
"sample_296",12.9164113817663
"sample_297",13.0667708096501
"sample_298",13.2059021253778
"sample_299",14.8210418875633
"sample_3",13.3349088034925
"sample_30",12.8308408618025
"sample_300",12.9185885462695
"sample_301",13.4088876939183
"sample_302",13.0029115750015
"sample_303",13.1308304422453
"sample_304",12.826259264018
"sample_305",13.7842278832197
"sample_306",13.6423826204692
"sample_307",13.2527264422571
"sample_308",13.0625447526042
"sample_309",13.1571705898736
"sample_31",13.0478699642532
"sample_310",13.0548284135379
"sample_311",13.2235063630462
"sample_312",13.0702525723577
"sample_313",12.814005136521
"sample_314",12.940944456032
"sample_315",12.7270220137501
"sample_316",12.7958571031472
"sample_317",13.3067113492538
"sample_318",13.0719631180922
"sample_319",13.1277485492465
"sample_32",13.2130452935271
"sample_320",13.1527254314736
"sample_321",12.880345397142
"sample_322",12.997661195249
"sample_323",13.1355464109404
"sample_324",13.0431684703356
"sample_325",12.8709746009755
"sample_326",12.8836990777129
"sample_327",13.023982248144
"sample_328",13.0787377474242
"sample_329",13.1258560556719
"sample_33",12.8136720983664
"sample_330",13.022129915715
"sample_331",13.1363188573041
"sample_332",12.9772809414124
"sample_333",12.8751366332876
"sample_334",13.0559316458673
"sample_335",12.9683152517762
"sample_336",12.8432656552502
"sample_337",12.6090788273117
"sample_338",12.6012239913335
"sample_339",12.5043042362897
"sample_34",13.1300450981908
"sample_340",12.9993285885361
"sample_341",13.1355464109404
"sample_342",12.6525659517614
"sample_343",13.3880462269914
"sample_344",13.3012902251247
"sample_345",13.1634613558674
"sample_346",13.1634613558674
"sample_347",13.1258560556719
"sample_348",13.1146729005572
"sample_349",13.187364539719
"sample_35",13.3164534087513
"sample_350",13.102237326603
"sample_351",13.1425533765643
"sample_352",13.1596712077798
"sample_353",13.9464693101005
"sample_354",12.8072377637677
"sample_355",13.0450445312889
"sample_356",13.2075159288563
"sample_357",13.1151873770607
"sample_358",13.1915067828964
"sample_359",13.2473169330307
"sample_36",12.9474835844937
"sample_360",13.0682117797081
"sample_361",12.7883350593159
"sample_362",12.9682340877
"sample_363",13.1482323813767
"sample_364",13.0166656114367
"sample_365",13.0232473902958
"sample_366",12.3470595046431
"sample_367",13.063088515189
"sample_368",12.9476753347892
"sample_369",12.9835500855806
"sample_37",12.9264142076387
"sample_370",13.0505835285084
"sample_371",13.118739115309
"sample_372",13.0939030839853
"sample_373",13.0042148292205
"sample_374",13.1575201616656
"sample_375",13.0721905130063
"sample_376",13.158698428093
"sample_378",13.0586842572197
"sample_379",12.9538592131735
"sample_38",12.9949239865405
"sample_380",13.122631653799
"sample_381",12.8986933035908
"sample_382",13.0491188692941
"sample_383",12.8460278857858
"sample_384",12.9889252931961
"sample_385",12.8780941691896
"sample_386",13.0946937046204
"sample_387",13.1830087602259
"sample_388",13.0681802154583
"sample_389",13.1242773348233
"sample_39",13.0452551236249
"sample_390",12.8994794747158
"sample_391",12.7153307301559
"sample_392",12.8862818374107
"sample_393",12.9441373977424
"sample_394",13.0726438095311
"sample_395",13.4605407650647
"sample_396",13.2021300916868
"sample_397",13.0843014927221
"sample_398",12.8831586379839
"sample_399",12.9674421838136
"sample_4",12.9747071525427
"sample_40",12.9973623695712
"sample_400",13.0354025202634
"sample_401",12.9956972059084
"sample_402",13.3360136487484
"sample_403",13.4592741945341
"sample_404",12.4584739580037
"sample_405",12.7283804493256
"sample_406",13.5780116911425
"sample_407",12.6877308717214
"sample_408",12.8308900633297
"sample_409",12.9886669810281
"sample_41",12.9157499766706
"sample_410",13.3250070919591
"sample_411",12.9022623954278
"sample_412",13.0965388186031
"sample_413",13.0436445738028
"sample_414",12.9806768520532
"sample_415",12.9066520568325
"sample_416",13.0284800757097
"sample_417",13.1735797059691
"sample_418",13.1049123732422
"sample_419",13.0195806952646
"sample_42",13.1698119940689
"sample_420",13.0821153741316
"sample_421",13.2569001151361
"sample_422",12.7613084082305
"sample_423",12.7826028836074
"sample_424",13.0931032162924
"sample_425",12.8779493053289
"sample_426",12.4827764896404
"sample_427",13.2232132809375
"sample_428",12.9869316462962
"sample_429",13.0994575246887
"sample_43",12.6722203992024
"sample_430",13.1216123488364
"sample_431",13.1210982993261
"sample_432",13.122631653799
"sample_433",12.9739803041107
"sample_434",12.8687973303436
"sample_435",13.147131226074
"sample_436",13.1634613558674
"sample_437",13.0568619823831
"sample_438",12.9544025672594
"sample_439",13.1522724516281
"sample_44",13.5288141797514
"sample_440",13.2728677794734
"sample_441",13.011881701645
"sample_442",12.9371623506409
"sample_443",13.0996797223477
"sample_444",13.1217531463337
"sample_445",12.9937916949061
"sample_446",13.0433891920001
"sample_447",12.6845156161409
"sample_448",12.6519579002518
"sample_449",12.9558441115051
"sample_45",13.9602731519112
"sample_450",12.8227107985294
"sample_451",12.858730398008
"sample_452",12.909936524231
"sample_453",13.0652627643254
"sample_454",13.4561170895215
"sample_455",13.1562592251432
"sample_457",13.1532748484269
"sample_458",12.9025265310554
"sample_459",13.3215552332688
"sample_46",13.1756580138238
"sample_460",13.1842439914341
"sample_461",13.0015592031529
"sample_462",13.1149707666109
"sample_463",12.966609529025
"sample_464",12.9151698571564
"sample_465",13.0722281625566
"sample_466",13.0837576223475
"sample_467",13.0622678676291
"sample_468",13.1559058377232
"sample_469",13.1200636425176
"sample_47",12.9618430665413
"sample_470",12.8735975384899
"sample_471",13.0081283248555
"sample_472",13.0597352159104
"sample_473",13.3879928562352
"sample_474",13.1812834198234
"sample_475",13.0867181482779
"sample_476",13.0337147308486
"sample_477",13.0090300807745
"sample_478",13.0085205495154
"sample_479",12.9514097019012
"sample_48",13.7592434417557
"sample_480",12.8550318475068
"sample_481",12.8132127300878
"sample_482",12.9755568574653
"sample_483",12.8409196630076
"sample_484",13.0739694560297
"sample_485",13.0009349476923
"sample_486",12.7970526488616
"sample_487",13.0447143200883
"sample_488",12.6428888549042
"sample_489",12.3880501327072
"sample_49",13.4279843020486
"sample_490",12.7827898940352
"sample_491",12.9368512564279
"sample_492",13.2694220085261
"sample_493",12.986602445391
"sample_494",13.4459911151844
"sample_495",13.2397892388463
"sample_496",12.9610789735606
"sample_497",12.9344385734014
"sample_498",12.663557294421
"sample_499",13.5358870887379
"sample_5",13.0489122170029
"sample_50",12.8836576485578
"sample_500",12.9987652998738
"sample_501",12.4485943199338
"sample_502",12.929597031479
"sample_503",13.4254177701367
"sample_504",13.1387708128134
"sample_505",12.9631661022401
"sample_506",13.0477612917475
"sample_507",13.0628995301382
"sample_508",13.0850263536035
"sample_509",13.0597352159104
"sample_51",13.0152072723239
"sample_510",13.1013215404964
"sample_511",13.1981871818529
"sample_512",13.0850263536035
"sample_513",13.174259501999
"sample_514",13.0693663777763
"sample_515",13.1591740401961
"sample_516",13.122631653799
"sample_517",13.0808756693066
"sample_518",12.9906754471389
"sample_519",12.9624089657365
"sample_52",13.0179060693277
"sample_520",13.210798514941
"sample_521",13.0441260604913
"sample_522",12.821590106687
"sample_523",13.1615716616204
"sample_524",13.1395274353309
"sample_525",13.1033304637182
"sample_526",12.7981712196629
"sample_527",12.6913263629329
"sample_528",12.8684946789048
"sample_529",13.0846736821341
"sample_53",12.9066520568325
"sample_530",13.042420724055
"sample_531",13.1624420509048
"sample_532",13.033820872718
"sample_533",13.0612963600712
"sample_534",13.1135054803225
"sample_535",13.3349481690449
"sample_536",13.3947444682184
"sample_537",12.9964533687327
"sample_538",13.1767996854428
"sample_539",12.9000792912427
"sample_54",12.8711842228868
"sample_540",12.6817612831123
"sample_541",12.5595693105961
"sample_542",12.8091658517511
"sample_543",13.1303138579951
"sample_544",13.0390225970752
"sample_545",12.9219142743244
"sample_546",13.122631653799
"sample_547",13.6237521825638
"sample_548",13.0044971399756
"sample_549",13.0251364101666
"sample_55",12.8908493084774
"sample_550",12.9587740177809
"sample_551",13.4416774326869
"sample_552",13.0076507413846
"sample_553",12.895476793073
"sample_554",13.6060638585697
"sample_555",13.2954850028644
"sample_556",13.1277485492465
"sample_557",13.0870116921335
"sample_558",13.0235111760362
"sample_559",13.0747931876526
"sample_56",13.4945309059364
"sample_560",13.0154142683003
"sample_561",12.846532522892
"sample_562",13.1059082831295
"sample_563",13.0098899730652
"sample_564",13.1298586834725
"sample_565",13.2796074537583
"sample_566",13.9154921573962
"sample_567",12.911170039804
"sample_568",13.5961334689115
"sample_569",13.5791816932256
"sample_57",13.7309173407229
"sample_570",13.0901230422228
"sample_571",13.0461745222071
"sample_572",13.6432592104209
"sample_574",13.0000908161013
"sample_575",12.8203771073919
"sample_576",12.9712642156946
"sample_577",13.16652533524
"sample_578",13.1941981769648
"sample_579",13.063716240301
"sample_58",13.068683728936
"sample_580",12.9628571289828
"sample_581",12.8994060378675
"sample_582",12.9368210961522
"sample_583",13.076145648889
"sample_584",12.9736690445987
"sample_585",13.041869330943
"sample_586",13.1418266560096
"sample_587",12.9647115418156
"sample_588",13.1345271059778
"sample_589",12.8308408618025
"sample_59",13.1826194540005
"sample_590",12.954858681017
"sample_591",12.9451599771754
"sample_592",13.1355464109404
"sample_593",13.0800260242504
"sample_594",13.0313494467143
"sample_595",13.0260905942616
"sample_596",13.0689333148879
"sample_597",12.6633545416163
"sample_598",12.6051253376184
"sample_599",13.0770676003618
"sample_6",13.0055882136541
"sample_60",13.1306698475174
"sample_600",13.1336556570384
"sample_601",13.1248367507094
"sample_602",12.9977972200679
"sample_603",12.8908954418969
"sample_604",13.0004453909917
"sample_605",13.0042148292205
"sample_606",13.091677550909
"sample_607",12.9706034250475
"sample_608",13.1554980356685
"sample_609",13.0328208743792
"sample_61",12.9771317443485
"sample_610",13.1678803472479
"sample_611",12.8494057564194
"sample_612",12.8727847958834
"sample_613",12.9823342443126
"sample_614",12.7285302991624
"sample_615",12.924496055442
"sample_616",13.0457336250509
"sample_617",12.8804837004809
"sample_619",13.0173821581774
"sample_62",13.046820458769
"sample_620",13.5322621172877
"sample_621",12.6767299933382
"sample_622",13.0537060556933
"sample_623",13.1129674681447
"sample_624",13.1502244309653
"sample_625",13.0712172396207
"sample_626",13.1355464109404
"sample_627",12.9414586027985
"sample_628",12.98383084588
"sample_63",13.06692029633
"sample_631",13.0252519683706
"sample_632",13.07610358394
"sample_633",13.0294034952575
"sample_634",12.8610880033953
"sample_635",13.0300701487055
"sample_636",13.2064358963043
"sample_637",12.6741873612138
"sample_638",12.9599175659529
"sample_639",12.8308408618025
"sample_64",13.1878379661332
"sample_640",12.864708291524
"sample_641",13.3148328986192
"sample_642",13.8268657914955
"sample_643",13.1355464109404
"sample_644",13.0575498421417
"sample_645",13.1090018738052
"sample_646",13.1112893584845
"sample_647",13.0400246563656
"sample_648",13.2085068306917
"sample_649",12.7345392899509
"sample_65",13.1633457250135
"sample_650",13.0850263536035
"sample_651",12.9967779151053
"sample_652",12.9896053463766
"sample_653",13.1148396029315
"sample_654",13.1522291660531
"sample_655",12.8434924768057
"sample_656",12.864046427284
"sample_657",13.081789676143
"sample_658",13.1131458433158
"sample_659",13.1014354601764
"sample_66",13.2241182325478
"sample_660",13.0502751652085
"sample_661",12.7756040127975
"sample_662",13.2446518733296
"sample_663",13.2176768437251
"sample_664",12.800176835479
"sample_665",13.0850263536035
"sample_666",13.0720672710087
"sample_667",12.9649060257399
"sample_668",12.8782935617713
"sample_669",12.9250674437555
"sample_67",13.4066910481332
"sample_670",13.1634613558674
"sample_671",12.9749880136118
"sample_672",12.9728799370553
"sample_673",13.1484319268599
"sample_674",13.16652533524
"sample_675",12.9938309338732
"sample_676",12.8840277251007
"sample_677",13.0199821914965
"sample_678",13.1517208854552
"sample_679",13.122631653799
"sample_68",12.9659441955729
"sample_680",12.9459447853851
"sample_681",13.0529758356547
"sample_682",13.0238788542828
"sample_683",13.097941110745
"sample_684",13.0519444936536
"sample_685",13.122631653799
"sample_686",13.3208781644482
"sample_687",12.7781091287311
"sample_688",13.2034112955037
"sample_689",13.157698015146
"sample_69",13.7621618584512
"sample_690",12.9413947038197
"sample_691",12.6976171085603
"sample_692",13.0180050366202
"sample_693",13.0223194159954
"sample_694",12.8796954783227
"sample_695",13.236242267976
"sample_696",13.1197584202716
"sample_697",12.8663141459141
"sample_698",13.1172542921761
"sample_699",12.884478910165
"sample_7",12.4461097644614
"sample_70",12.6526027934755
"sample_700",13.3475932732085
"sample_701",13.0927137508392
"sample_702",12.9957946383413
"sample_703",12.966609529025
"sample_704",13.0892346074359
"sample_705",13.0132721714125
"sample_706",13.0099411522936
"sample_707",13.0870688062222
"sample_708",13.2522131916682
"sample_709",13.0268153670441
"sample_71",12.8576724791855
"sample_710",13.1692072273593
"sample_711",13.0800260242504
"sample_712",13.0357406320248
"sample_713",12.9292441191179
"sample_714",12.7839560279331
"sample_715",12.9284521510972
"sample_716",12.9895741583559
"sample_717",13.1634613558674
"sample_718",13.0081283248555
"sample_719",12.910633081223
"sample_72",12.2951000772524
"sample_720",13.1034207643597
"sample_721",13.1346967049679
"sample_722",13.1897599337238
"sample_723",13.122631653799
"sample_724",12.9269926033999
"sample_725",13.2617397202959
"sample_726",12.931235879737
"sample_727",13.0104852401412
"sample_728",13.0305884300744
"sample_729",13.0537667527691
"sample_73",13.046820458769
"sample_730",13.0821549456689
"sample_731",13.0626230313422
"sample_732",13.3974047249549
"sample_733",13.0995423811217
"sample_734",13.8828757530582
"sample_735",12.9201991013906
"sample_736",12.9119046015956
"sample_737",13.0654201309424
"sample_738",13.0592916657762
"sample_739",13.0287935108847
"sample_74",13.1755239612667
"sample_740",13.122631653799
"sample_741",13.2245915600163
"sample_742",13.4546030712049
"sample_743",13.1350531678976
"sample_744",13.3476801058887
"sample_745",12.8091105682299
"sample_746",13.122631653799
"sample_747",13.2153137905502
"sample_748",13.122631653799
"sample_749",13.2704292742755
"sample_75",13.2153137905502
"sample_750",12.864046427284
"sample_751",13.5574926086247
"sample_752",13.0922885324938
"sample_753",12.8563365442809
"sample_754",12.9806770736647
"sample_755",13.1146729005572
"sample_756",13.0876501608374
"sample_757",13.1055449014881
"sample_758",13.0503978425203
"sample_759",13.0381308331546
"sample_76",13.0844585299581
"sample_760",13.1271059212323
"sample_761",13.0555759612185
"sample_762",12.9598174535561
"sample_763",13.0482502231335
"sample_764",13.1504181703679
"sample_765",12.8398842028635
"sample_766",13.0778283601139
"sample_767",13.0129005541458
"sample_768",13.0036176530087
"sample_769",13.0800482385553
"sample_77",12.9014114791666
"sample_770",13.1734647835192
"sample_771",12.891648248443
"sample_772",12.9392185423088
"sample_773",13.0445997844933
"sample_774",12.8943920662991
"sample_775",14.0951787188623
"sample_776",13.0850263536035
"sample_777",12.935112798616
"sample_778",12.9482383814185
"sample_779",13.3384654544035
"sample_78",12.8810155511082
"sample_780",13.0587371546034
"sample_781",13.1763761130088
"sample_782",13.6256079956502
"sample_783",13.16058812234
"sample_784",13.248447672739
"sample_785",13.1338166345064
"sample_786",13.0359838894791
"sample_787",13.0735379285443
"sample_788",13.0045582198741
"sample_789",13.0251364101666
"sample_79",13.122631653799
"sample_790",13.088957333328
"sample_791",12.9593285383001
"sample_792",12.7282749840777
"sample_794",13.2266501706211
"sample_795",12.6573106470982
"sample_796",13.1921776328467
"sample_797",13.1077073029372
"sample_798",13.0191511459825
"sample_799",13.1100237395497
"sample_8",13.1148337921051
"sample_80",12.9934612538429
"sample_800",13.0436445738028
"sample_801",12.9882631153283
"sample_802",13.0367780006866
"sample_803",12.7806616516286
"sample_804",12.8666026543777
"sample_805",12.4758028792175
"sample_806",12.8857282857774
"sample_807",13.5204256345956
"sample_808",12.9482383814185
"sample_809",12.9849439371442
"sample_81",13.0191511459825
"sample_810",12.9916725741071
"sample_811",13.0609710645239
"sample_812",13.1788205775421
"sample_813",13.0133813596745
"sample_814",12.917313321436
"sample_815",12.8730694650574
"sample_816",13.5356081396648
"sample_817",12.9482383814185
"sample_818",13.0906577862532
"sample_819",12.9430880973234
"sample_82",13.1146729005572
"sample_820",12.8449808385232
"sample_821",13.0679847347034
"sample_822",12.8749509045001
"sample_823",13.5051630952513
"sample_824",12.8209410893713
"sample_825",12.9227912158469
"sample_826",12.888770790073
"sample_827",12.8750708294123
"sample_828",12.9122576234623
"sample_829",12.9855819707001
"sample_83",13.122631653799
"sample_830",12.9323171298255
"sample_831",13.097081371617
"sample_832",13.6607907645448
"sample_833",13.2859719521069
"sample_834",13.1165474263856
"sample_835",12.7720807347447
"sample_836",13.0436445738028
"sample_837",12.8001990243209
"sample_838",13.0146857827723
"sample_839",13.0770676003618
"sample_84",13.3425731249499
"sample_840",13.0742490627118
"sample_841",13.122631653799
"sample_842",12.997768576603
"sample_843",12.9996723053452
"sample_844",13.0883793426596
"sample_845",13.578876018785
"sample_846",13.0602153786864
"sample_847",13.4422470269551
"sample_848",13.2983582363918
"sample_849",13.0521059872187
"sample_85",13.0450445312889
"sample_850",13.1556634941735
"sample_851",12.7992738580535
"sample_852",12.9614927208694
"sample_853",13.0450400597095
"sample_854",13.6881265816556
"sample_855",12.8611731937566
"sample_856",12.9229575837775
"sample_857",12.9587573431898
"sample_858",13.0840070486409
"sample_859",12.943331074604
"sample_86",13.1224667937608
"sample_860",12.8111303022577
"sample_861",12.5491653287937
"sample_862",12.8161950660593
"sample_863",12.8422123792562
"sample_864",12.9026025107495
"sample_865",12.9646936241116
"sample_866",12.9235837323567
"sample_867",13.0457336250509
"sample_868",12.9541658150854
"sample_869",13.0066638985475
"sample_87",12.914612635667
"sample_870",13.6294948491764
"sample_871",12.8231326559953
"sample_872",13.6884438616708
"sample_873",13.0181698484695
"sample_874",13.0722573248815
"sample_875",12.8559106851197
"sample_876",12.9910666553496
"sample_877",13.1931245057281
"sample_878",13.0430448818565
"sample_879",12.7790071004513
"sample_88",13.0103012571629
"sample_880",13.1188964869881
"sample_881",12.924058694564
"sample_882",12.7671891306974
"sample_883",12.9825209229307
"sample_884",13.3417604252606
"sample_885",13.0800260242504
"sample_886",13.719961603717
"sample_887",12.9799316436308
"sample_888",13.1271827856848
"sample_889",12.9748693481042
"sample_89",12.9019914794454
"sample_890",12.9643175671709
"sample_891",12.7316660564235
"sample_892",13.1624438764975
"sample_893",12.9379860321434
"sample_894",12.7927350324224
"sample_895",13.0148721725365
"sample_896",13.0679161037681
"sample_897",13.1510372394155
"sample_898",13.1735028794815
"sample_899",12.8389168188266
"sample_9",13.1224667937608
"sample_90",13.0177928761766
"sample_900",12.9757101384039
"sample_901",13.0105603719978
"sample_902",13.0271098992242
"sample_903",13.1455585216371
"sample_904",13.122631653799
"sample_905",12.6296197165815
"sample_906",13.134350089544
"sample_907",12.8935974567554
"sample_908",13.0946387035852
"sample_909",13.0599808480509
"sample_91",13.3536119645954
"sample_910",12.7816504290192
"sample_911",13.1566885890563
"sample_912",13.0609230683683
"sample_913",12.7790235848882
"sample_914",13.2205126309833
"sample_915",13.0352844587693
"sample_916",12.893142566171
"sample_917",13.139088267563
"sample_918",12.8081279486946
"sample_919",13.7878070244402
"sample_92",12.9790084852
"sample_920",13.2029820474737
"sample_921",13.1355464109404
"sample_922",13.0307298166614
"sample_923",13.0092151585736
"sample_924",12.9723363948722
"sample_925",13.1159836024946
"sample_926",13.5417943330592
"sample_927",12.822615647884
"sample_928",13.3112729935332
"sample_929",12.7584790256053
"sample_93",12.8553942774954
"sample_930",12.8034060796515
"sample_931",12.9417861553972
"sample_932",13.0839810328284
"sample_933",13.0832504261234
"sample_934",13.1139117110826
"sample_935",13.0821531200761
"sample_936",13.0850263536035
"sample_937",12.9087799341015
"sample_938",12.8644961694339
"sample_939",12.9783186634266
"sample_94",12.8553577230883
"sample_940",12.8664278225531
"sample_941",12.5611661724073
"sample_942",12.8965622377218
"sample_943",12.9699732502002
"sample_944",12.8301834222697
"sample_945",12.9103512370024
"sample_946",13.1254580801212
"sample_947",12.8696109384291
"sample_948",13.200085072605
"sample_949",12.7516805186256
"sample_95",12.9811282215385
"sample_950",13.4632680395771
"sample_951",13.6297367904397
"sample_952",13.2663757786205
"sample_953",13.122631653799
"sample_954",13.038051167308
"sample_955",12.7333270749601
"sample_956",13.483191819421
"sample_957",12.8560876740422
"sample_958",13.5557981191183
"sample_959",12.8440944179208
"sample_960",12.9572516033931
"sample_961",12.9897585448726
"sample_962",13.1020462513347
"sample_963",12.9055006621805
"sample_964",12.7889165892061
"sample_965",12.8100245287438
"sample_966",12.756152385967
"sample_967",12.8851965457977
"sample_968",12.6227808774213
"sample_969",12.6482315322663
"sample_97",12.6131758286296
"sample_970",13.0006684211789
"sample_971",13.0452363683133
"sample_972",13.0875037988229
"sample_973",13.1705794998523
"sample_974",13.0684993826786
"sample_975",13.0345876737967
"sample_976",12.918683150872
"sample_977",12.6864115001445
"sample_978",13.0800260242504
"sample_979",13.4103255108936
"sample_98",13.180522045571
"sample_980",13.1857822296769
"sample_981",13.3346530351839
"sample_982",13.0173752185023
"sample_983",12.2384727607081
"sample_984",13.0894550582852
"sample_985",12.3672186559986
"sample_986",12.6043761945829
"sample_987",12.8622351838974
"sample_988",13.046820458769
"sample_989",12.9066520568325
"sample_99",13.0349653910064
"sample_990",12.7971338809633
"sample_991",13.1931785461396
"sample_992",13.0705402137672
"sample_993",12.919566813974
"sample_994",13.058620140896
"sample_995",12.9739390134773
"sample_996",13.0939194286865
"sample_997",12.8090923265499
"sample_998",12.8579935073374
"sample_999",13.0826820404467
