"sample","u"
"sample_1",-0.495245753484592
"sample_10",-0.241660856322382
"sample_100",0.727559379214762
"sample_1000",-0.818972917320694
"sample_1001",-0.444725696147536
"sample_1002",-0.27926615651793
"sample_1003",-0.317472051352671
"sample_1004",-0.504642998156992
"sample_1005",-0.191992573077346
"sample_1006",-0.121085579272288
"sample_1007",-0.261059736214703
"sample_1008",-0.429760594795887
"sample_1009",-0.502043489932665
"sample_101",-0.423682670744122
"sample_1010",-0.246011093370642
"sample_1011",-0.229822946024743
"sample_1012",-0.35401836183855
"sample_1013",-0.378403075004037
"sample_1014",0.116547888302093
"sample_1015",-0.338201029407235
"sample_1016",-0.241660856322382
"sample_1017",-0.476067517089123
"sample_1018",-0.603755264163442
"sample_1019",-0.330334227488465
"sample_102",-0.328288392742571
"sample_1020",-0.235476204968031
"sample_1021",-0.544500287586836
"sample_1022",-0.408563338391358
"sample_1023",-0.320475368499625
"sample_1024",-0.536912193684572
"sample_1025",-0.512095974860927
"sample_1026",0.0924917796783127
"sample_1027",-0.224280335027906
"sample_1028",-0.0573697301017646
"sample_1029",-0.539708251789831
"sample_103",-0.27926615651793
"sample_1030",-0.368420494624572
"sample_1031",-0.416990771702633
"sample_1032",-0.289705052118592
"sample_1033",-0.228746099180859
"sample_1034",-0.362497012342144
"sample_1035",-0.31138138295708
"sample_1036",-0.220931478339271
"sample_1037",-0.298907156735892
"sample_1038",-0.478432411210244
"sample_1039",-0.236269211909764
"sample_104",-0.168055315465947
"sample_1040",-0.170649641156975
"sample_1041",0.197410982025102
"sample_1042",-0.222768432090991
"sample_1043",-0.320951482117134
"sample_1044",-0.418347724736237
"sample_1045",-0.365313362054044
"sample_1046",-0.735261344254111
"sample_1047",-0.321871786066725
"sample_1048",-0.291739972761842
"sample_1049",-0.753537462714036
"sample_105",-0.27135172872967
"sample_1050",-0.228746099180859
"sample_1051",0.00175417449802803
"sample_1052",-0.416810751220419
"sample_1053",-0.508712588358507
"sample_1054",-0.329474459918471
"sample_1055",-0.317255526985263
"sample_1056",-0.347875131028836
"sample_1057",-0.229719253097273
"sample_1058",-0.678178016488675
"sample_1059",-0.37538850573234
"sample_106",-0.329170763801653
"sample_1060",-0.0894069588061951
"sample_1061",0.309237611035201
"sample_1062",-0.369933376040908
"sample_1063",-0.138682664090008
"sample_1064",-0.22361921331156
"sample_1065",-0.304671695680601
"sample_1066",-0.628973402894549
"sample_1067",-0.284903749430613
"sample_1068",-0.358971998987319
"sample_1069",-0.243436783802559
"sample_107",-0.457640453289052
"sample_1070",-0.18776116464975
"sample_1071",-0.506965994211106
"sample_1072",0.154315424954084
"sample_1073",-0.384582857408546
"sample_1074",-0.00952870381764512
"sample_1075",-0.310149369055168
"sample_1076",-0.228746099180859
"sample_1077",-0.296791788803355
"sample_1078",-0.320647936318948
"sample_1079",-0.465323387152886
"sample_108",-0.302799225908997
"sample_1080",-0.431814559610144
"sample_1081",0.293324336415657
"sample_1082",-0.215950051031195
"sample_1083",-0.249619609564144
"sample_1084",-0.280566928218252
"sample_1085",-0.251454804443583
"sample_1086",-0.217415033227417
"sample_1087",-0.30005009070645
"sample_1088",-0.383851256873111
"sample_1089",-0.326517638312513
"sample_109",-0.457640453289052
"sample_1090",-0.388567682289951
"sample_1091",-0.287224909759693
"sample_1092",-0.241660856322382
"sample_1093",-0.382043798191835
"sample_1094",-0.184721076332168
"sample_1095",-0.117878564829411
"sample_1096",-0.435494259018039
"sample_1097",-0.320334812550914
"sample_1098",0.281001212172238
"sample_1099",-0.366558380349946
"sample_11",-0.259921189587706
"sample_110",-0.619812406145688
"sample_1100",-0.416810751220419
"sample_1101",-0.65301413782658
"sample_1102",-0.200074531736256
"sample_1103",-0.303185256900895
"sample_1104",-0.513459460725629
"sample_1105",-0.367827667399167
"sample_1106",-0.2445340898498
"sample_1107",-0.265619616669562
"sample_1108",-0.666073759177101
"sample_1109",-0.340064371871998
"sample_111",-0.259594632891298
"sample_1110",-0.357181844321231
"sample_1111",-0.337182610897585
"sample_1112",-0.891523848395941
"sample_1113",-0.436774154178977
"sample_1114",-0.248884297919096
"sample_1115",-0.37755350856197
"sample_1116",-0.504983631072057
"sample_1117",-0.39958159982079
"sample_1118",-0.495998274775394
"sample_1119",-0.337983056986238
"sample_112",-0.39287326146442
"sample_1120",-0.136602897805546
"sample_1121",-0.27926615651793
"sample_1122",-0.276099180648921
"sample_1123",-0.0251372893005852
"sample_1124",-0.349198588043997
"sample_1125",-0.377841806425748
"sample_1126",-0.865408083316311
"sample_1127",-0.516292219313761
"sample_1128",-0.275040222162358
"sample_1129",-0.557627705209763
"sample_113",-0.419438543025376
"sample_1130",-0.144741334553999
"sample_1131",-0.108306882468487
"sample_1132",-0.456553619570986
"sample_1133",-0.241660856322382
"sample_1134",-0.103185042047083
"sample_1135",-0.435478891013232
"sample_1136",0.125771440022674
"sample_1137",-0.339912722472051
"sample_1138",-0.977131139245558
"sample_1139",-0.298787109576878
"sample_114",-0.4458004293877
"sample_1140",-0.346014440102133
"sample_1141",-0.544268405850828
"sample_1142",-0.407280487406288
"sample_1143",-0.291496234164218
"sample_1144",-0.169298034141844
"sample_1145",-0.272641284925566
"sample_1146",-0.156661653434475
"sample_1147",-0.317472051352671
"sample_1148",-0.495905179333869
"sample_1149",-0.262970969625024
"sample_115",-0.343961365851393
"sample_1150",-0.487000767321466
"sample_1151",-0.377124373882108
"sample_1152",-0.318147633044315
"sample_1153",-0.471905125234331
"sample_1154",-0.55770626635723
"sample_1155",-0.461683982020667
"sample_1156",-0.585820508591906
"sample_1157",-0.756531020380235
"sample_1158",-0.457640453289052
"sample_1159",-0.610852099611782
"sample_1160",-0.563096369680373
"sample_1161",-0.374237660936882
"sample_1162",-0.422428306033788
"sample_1163",-0.179766898025173
"sample_1164",-0.644230674093309
"sample_1165",-0.553484755971483
"sample_1166",-0.392101646276897
"sample_1167",-0.172229306703805
"sample_1168",-0.215622836290891
"sample_1169",-0.27135172872967
"sample_117",-0.453329217697899
"sample_1170",-0.105539762602662
"sample_1171",-0.532012253692069
"sample_1172",-0.845001977099888
"sample_1173",-0.363345022904114
"sample_1174",-0.321428357794768
"sample_1175",-0.357144431968109
"sample_1176",-0.280285461480596
"sample_1177",-0.284266485871187
"sample_1178",-0.195085282761871
"sample_1179",-0.199831969695781
"sample_1180",-0.457640453289052
"sample_1181",-0.20565368048237
"sample_1182",-0.369603594879349
"sample_1183",0.253847737309605
"sample_1184",-0.33862846178814
"sample_1185",-0.277729183002109
"sample_1186",-0.236142858415986
"sample_1187",-0.292225239112952
"sample_1188",-0.370173080957503
"sample_1189",-0.544414770453063
"sample_119",0.20430917020894
"sample_1190",-0.543660021505079
"sample_1191",-0.44309322237713
"sample_1192",-0.431405642099908
"sample_1193",-0.15955300920769
"sample_1194",-0.363014625621198
"sample_1195",-0.357093747422547
"sample_1196",-0.267348765870121
"sample_1197",-0.307727697088083
"sample_1198",-0.435151265262846
"sample_1199",-0.227413721834814
"sample_12",-0.0812763648342492
"sample_120",-0.196850129863163
"sample_1200",-0.241660856322382
"sample_1201",-0.311201640431534
"sample_1202",-0.146330072526102
"sample_1203",-0.287101667762083
"sample_1204",-0.228426902276095
"sample_1205",-0.333562693460462
"sample_1206",-0.412964798626377
"sample_1207",-0.270371938362904
"sample_1208",-0.56367961108867
"sample_1209",-0.622813914728194
"sample_121",-0.121409310900347
"sample_1210",-0.359027608294121
"sample_1211",-0.366259305079257
"sample_1212",-0.507814303718794
"sample_1213",-0.136425944674967
"sample_1214",-0.241660856322382
"sample_1215",-0.242680161285056
"sample_1216",-0.20878990749551
"sample_1217",-0.451143920991789
"sample_1218",-0.440106292578176
"sample_1219",-0.552492053898108
"sample_122",-0.282211330428712
"sample_1220",-0.319941861000191
"sample_1221",-0.370080796667174
"sample_1222",-0.267045580093306
"sample_1223",-0.214837969490886
"sample_1224",-0.291692524999305
"sample_1225",-0.246986818857866
"sample_1226",-0.448374376662711
"sample_1227",-0.451352072043253
"sample_1228",-0.204455950632383
"sample_1229",-0.150765173420819
"sample_123",-0.746573923915537
"sample_1230",-0.286765758425327
"sample_1231",-0.413299988166351
"sample_1232",-0.983742028269751
"sample_1233",-0.25379169324611
"sample_1234",-0.317472051352671
"sample_1235",-0.582702427367149
"sample_1236",-0.798848094489288
"sample_1237",-0.473790128606703
"sample_1238",-0.306797583916944
"sample_1239",-0.211751492259212
"sample_124",0.0511823155589708
"sample_1240",-0.375182447048233
"sample_1241",-0.202708079149364
"sample_1242",-0.240865932707429
"sample_1243",0.0108020316617009
"sample_1244",-0.0875260721994301
"sample_1245",-0.17927590149949
"sample_1246",-0.571538202987487
"sample_1247",-0.407107428318802
"sample_1248",-0.482711805435133
"sample_1249",-0.318558885070743
"sample_125",-0.512627037976295
"sample_1250",-0.115063270283453
"sample_1251",-0.344438488352551
"sample_1252",-0.196149814931948
"sample_1253",-0.82873227645706
"sample_1254",-0.337180785304828
"sample_1255",-0.334330195057804
"sample_1256",-0.623982628871286
"sample_1257",-0.366203329338718
"sample_1258",-0.523515660910488
"sample_1259",-0.549542290427133
"sample_126",-0.0831652088948115
"sample_1260",-0.659832780364175
"sample_1261",-0.602796446009874
"sample_1262",-0.337182610897585
"sample_1263",-0.189808421639265
"sample_1264",-0.348249757478032
"sample_1265",-0.557838115189943
"sample_1266",-0.321871786066725
"sample_1267",-0.24740635839369
"sample_1268",-0.241660856322382
"sample_1269",-0.360146689883711
"sample_127",-0.148222097053138
"sample_1270",-0.336435926987876
"sample_1271",-0.402979785772063
"sample_1274",0.958395827169669
"sample_1276",-0.200831154253748
"sample_1277",0.431486347352219
"sample_1278",-0.612175112795345
"sample_1279",-0.174467419372536
"sample_128",-0.0351799359117257
"sample_1280",0.0482275789978917
"sample_1281",-0.164925329753982
"sample_1282",-0.381495330381577
"sample_1283",-0.345826842623045
"sample_1284",-0.327430824155487
"sample_1285",-0.228451736067174
"sample_1286",-0.437988724954196
"sample_1287",-0.382393284430512
"sample_1288",-0.384273201144326
"sample_1289",-0.411538843537397
"sample_129",-0.19038291868353
"sample_1290",-0.287072850544079
"sample_1291",-0.144946774833504
"sample_1292",-0.568166016253982
"sample_1293",-0.284266485871187
"sample_1294",-0.27450431208155
"sample_1295",-0.229510530706118
"sample_1296",-0.27926615651793
"sample_1297",-0.237679831931796
"sample_1298",-0.530888732321278
"sample_1299",-0.435432739966972
"sample_13",-0.27135172872967
"sample_130",0.19442142755811
"sample_1300",-0.320544704035948
"sample_1301",-0.366944135502525
"sample_1302",-0.314055209608191
"sample_1303",-0.241660856322382
"sample_1304",0.135692752390804
"sample_1305",-0.243436783802559
"sample_1306",-0.226815906636703
"sample_1307",-0.180250479874592
"sample_1308",-0.380958507107439
"sample_1309",-0.311854190053336
"sample_131",-0.397682981097026
"sample_1310",-0.0730234213422334
"sample_1311",-0.277729183002109
"sample_1312",-0.382518352020867
"sample_1313",-0.292916680937358
"sample_1314",-0.321871786066725
"sample_1315",-0.241660856322382
"sample_1316",-0.294002367084809
"sample_1317",-0.895393987322395
"sample_1318",-0.094769719974002
"sample_1319",-0.403895994078906
"sample_132",-0.19287057541923
"sample_1320",-0.328670184541215
"sample_1321",-0.480593297497388
"sample_1322",-0.284266485871187
"sample_1323",0.0423492686343039
"sample_1324",-0.284266485871187
"sample_1325",-0.0556859438197674
"sample_1326",-0.375814035570802
"sample_1327",-0.241660856322382
"sample_1328",-0.526760674261566
"sample_1329",-0.442314933833041
"sample_133",-0.284266485871187
"sample_1330",0.0481917405852532
"sample_1331",-0.295700705078266
"sample_1332",-0.099800042319214
"sample_1333",-0.509708288505602
"sample_1334",-0.267683321607957
"sample_1335",-0.250305762938622
"sample_1336",-0.5259315227143
"sample_1337",-0.27926615651793
"sample_1338",-0.402476048009572
"sample_1339",-0.27926615651793
"sample_134",-0.48552712918904
"sample_1340",-0.496265058447279
"sample_1341",-0.179948820461485
"sample_1342",-0.183009090297675
"sample_1343",-0.197643932883426
"sample_1344",-0.301204017247678
"sample_1345",-0.399692586495863
"sample_1346",-0.365896223417498
"sample_1347",-0.469935286292757
"sample_1348",-0.165854073348116
"sample_1349",-0.299577310702048
"sample_135",-0.0644304535098305
"sample_1350",-0.208725673280356
"sample_1351",-0.271305577683403
"sample_1352",-0.485167814323834
"sample_1353",-0.241660856322382
"sample_1354",-0.342162594406694
"sample_1355",0.352473876308096
"sample_1356",-0.368525785543393
"sample_1357",-0.436782753970224
"sample_1358",-0.416185666104505
"sample_1359",-0.628926406872157
"sample_136",-0.556161287253447
"sample_1360",-0.499829091837617
"sample_1361",-0.28351082838199
"sample_1362",-0.117227345245446
"sample_1363",-0.506712915875103
"sample_1364",-0.619899665951918
"sample_1365",-0.135539065444446
"sample_1366",-0.291081086056716
"sample_1367",-0.303635920115779
"sample_1368",0.0140986542722923
"sample_1369",-0.527927816051503
"sample_137",-0.59143891130715
"sample_1370",-0.110094332595732
"sample_1371",-0.637875817532685
"sample_1372",-1.11489042902452
"sample_1373",0.0332389246288339
"sample_1374",-0.243436783802559
"sample_1375",-0.565100515181547
"sample_1376",-0.341813449651746
"sample_1377",-0.318558885070743
"sample_1378",-0.200393680416727
"sample_1379",-0.397141667490885
"sample_138",-0.457640453289052
"sample_1380",-0.26621819809002
"sample_1381",-0.152615707245807
"sample_1382",-0.27926615651793
"sample_1383",-0.487331325696345
"sample_1384",-0.403045762637279
"sample_1385",-0.172721348266845
"sample_1386",-0.202572162740569
"sample_1387",0.177365632276156
"sample_1388",-0.298326397885932
"sample_1389",-0.219346326998734
"sample_139",0.0113189110699909
"sample_1390",-0.309464096583819
"sample_1391",-0.241660856322382
"sample_1392",-0.133010529034855
"sample_1393",-0.291411204632908
"sample_1394",-0.290022263316813
"sample_1395",0.312935654648152
"sample_1396",-0.55960966194972
"sample_1397",-0.227245400062197
"sample_1398",-0.380742424540685
"sample_1399",-0.266020985326957
"sample_14",-0.227413721834814
"sample_140",-0.0116132484914698
"sample_1400",-0.33895853837777
"sample_1401",-0.284266485871187
"sample_1402",-0.280285461480596
"sample_1403",-0.333595108528386
"sample_1404",-0.549470902698555
"sample_1405",-0.866774669683632
"sample_1406",-0.398133127951113
"sample_1407",-0.248919679870868
"sample_1408",-0.394108237049935
"sample_1409",-0.374117552948322
"sample_141",-0.520680175072397
"sample_1410",-0.2445340898498
"sample_1411",-0.355560477400209
"sample_1412",-0.371167993656001
"sample_1413",-0.15137633855376
"sample_1414",-0.21827935222378
"sample_1415",-0.130378950941737
"sample_1416",-0.27926615651793
"sample_1417",-0.266746079398985
"sample_1418",-0.213631388097663
"sample_1419",-0.14445747887521
"sample_142",-0.504980434206543
"sample_1420",-0.113251506200777
"sample_1421",0.0914807812188467
"sample_1422",-0.163878804243839
"sample_1423",-0.228746099180859
"sample_1424",-0.414080639645948
"sample_1425",-0.448545664802137
"sample_1426",-0.418347724736237
"sample_1427",-0.330974274547171
"sample_1428",-0.265726444326975
"sample_1429",-0.28343815168744
"sample_143",0.145092418925771
"sample_1430",-0.32966171948647
"sample_1431",-0.500246082837863
"sample_1432",-0.410460722208828
"sample_1433",-0.228746099180859
"sample_1434",-0.0861295368737185
"sample_1435",-0.388577935784846
"sample_1436",-0.187916397112229
"sample_1437",-0.308332403985112
"sample_1438",-0.356164185266292
"sample_1439",-0.633086046678239
"sample_1440",-0.517341133988033
"sample_1441",-0.586068120534642
"sample_1442",-0.466619450633214
"sample_1443",-0.336848743099339
"sample_1444",-0.201850459216434
"sample_1445",-0.319247978832846
"sample_1446",-0.208427916038659
"sample_1447",-0.37904155653669
"sample_1448",-0.267370704339086
"sample_1449",-0.204070536612288
"sample_145",-0.276338520044665
"sample_1450",-0.318558885070743
"sample_1451",0.0357863999522404
"sample_1452",-0.316229306352894
"sample_1453",-0.252757848921791
"sample_1454",-0.281181180221305
"sample_1455",-0.622605868124311
"sample_1456",-0.475574229857967
"sample_1457",-0.444725696147536
"sample_1458",-0.557852553525569
"sample_1459",-0.329222032063064
"sample_146",-0.234719582450539
"sample_1460",-0.330665917337753
"sample_1461",-0.553162207864262
"sample_1462",-0.203208588617033
"sample_1463",-0.385120225402201
"sample_1464",-0.0524515753070158
"sample_1465",-0.446455472581444
"sample_1466",-0.241660856322382
"sample_1467",-0.356164185266292
"sample_1468",-0.693731265246788
"sample_1469",-0.448787693976359
"sample_147",-0.369431613877375
"sample_1470",-0.575733323868516
"sample_1471",-0.185837171671148
"sample_1472",-0.159244829667627
"sample_1473",-0.27926615651793
"sample_1474",0.223464465712215
"sample_1475",-0.225521697307782
"sample_1476",-0.27926615651793
"sample_1477",-0.221785910246643
"sample_1478",-0.253003151636804
"sample_1479",-0.49407235647226
"sample_148",-0.476370117468328
"sample_1480",-0.200831154253748
"sample_1481",-0.242680161285056
"sample_1482",-0.276305907036661
"sample_1483",-0.491865323733216
"sample_1484",-0.265609567596935
"sample_1485",-0.125128593843565
"sample_1486",-0.339912722472051
"sample_1487",-0.151298281395867
"sample_1488",-0.436006397952996
"sample_1489",-0.358150004231498
"sample_149",0.0994467716154781
"sample_1490",-0.15047824099629
"sample_1491",-0.510489049560067
"sample_1492",-0.27926615651793
"sample_1493",-0.382004937475641
"sample_1494",-0.928096445237003
"sample_1495",-0.241660856322382
"sample_1496",-0.266351399376404
"sample_1497",-0.281042083998102
"sample_1498",-0.204138075270093
"sample_1499",-0.583915176888663
"sample_15",-0.290102111777373
"sample_150",-0.276538033130218
"sample_1500",-0.519204513831782
"sample_1501",-0.355104417555834
"sample_1502",-0.371495619406388
"sample_1503",0.0289380295664311
"sample_1504",-0.241660856322382
"sample_1505",-0.147964888409834
"sample_1506",-0.298741813822304
"sample_1507",-0.434665539806619
"sample_1508",-0.326970056664721
"sample_1509",-0.601032917881081
"sample_151",-0.21166314102293
"sample_1510",-0.462853584686707
"sample_1511",-0.311725634165741
"sample_1512",-0.225579091677588
"sample_1513",-0.640482554355676
"sample_1514",-0.203221321927075
"sample_1515",-0.488395016039635
"sample_1516",-0.448987643620385
"sample_1517",-0.364956490944558
"sample_1518",-0.270427431588058
"sample_1519",-0.25260316159047
"sample_152",0.023623413215147
"sample_1520",-0.459416380769232
"sample_1521",-0.564640445642967
"sample_1522",-0.388913547946299
"sample_1523",-0.317834399568581
"sample_1524",-0.61974110947472
"sample_1525",-0.416810751220419
"sample_1526",-0.262502372563221
"sample_1527",0.117355313434055
"sample_1528",-0.241097502250881
"sample_1529",-0.579233162834429
"sample_153",-0.460578630939558
"sample_1530",-0.465235282427621
"sample_1531",-0.252906668063623
"sample_1532",-0.261772326488281
"sample_1533",-0.556697178993566
"sample_1534",-0.240443637921343
"sample_1535",-0.126886165193561
"sample_1536",-0.251395537044323
"sample_1537",-0.174230261044815
"sample_1538",-0.557678935253164
"sample_1539",-0.508204836079625
"sample_154",-0.3940975885262
"sample_1540",-0.414836604856929
"sample_1541",-0.461494940142627
"sample_1542",0.0529076172483053
"sample_1543",-0.42507785047824
"sample_1544",-0.380154096620133
"sample_1545",-0.380742424540685
"sample_1546",-0.189244399776393
"sample_1547",-0.374020293750195
"sample_1548",-0.315334483197654
"sample_1549",-0.237679831931796
"sample_155",-0.251062543892023
"sample_1550",-0.241660856322382
"sample_1551",-0.291311714568125
"sample_1552",-0.506926174868039
"sample_1553",-0.449679874454533
"sample_1554",-0.190572853164515
"sample_1555",0.548891867426742
"sample_1556",-0.242347009696861
"sample_1557",0.0347543489264518
"sample_1558",-0.284266485871187
"sample_1559",-0.272966656147763
"sample_156",-0.0117829885002693
"sample_1560",-0.214335346162364
"sample_1561",-0.255095012433569
"sample_1562",-0.153635012208477
"sample_1563",-0.252492843091572
"sample_1564",-0.470746181209506
"sample_1565",-0.187159774594741
"sample_1566",-0.302002962348593
"sample_1567",-0.174481935848474
"sample_1568",-0.392047413392519
"sample_1569",-0.173056760266158
"sample_157",-0.0127944120992549
"sample_1570",-0.215774883596829
"sample_1571",-0.40553891561324
"sample_1572",-0.331992076362535
"sample_1573",-0.451567915342442
"sample_1574",-0.157915101620208
"sample_1575",-0.295830118230234
"sample_1576",-0.353540378032406
"sample_1577",-0.365961598624707
"sample_1578",-0.495436175539258
"sample_1579",-0.515556907668719
"sample_158",-0.187159774594741
"sample_1580",-0.455435356378649
"sample_1581",-0.534470953282029
"sample_1582",-0.347645562125255
"sample_1583",-0.351985919511192
"sample_1584",-0.050150175250846
"sample_1585",-0.306266508627924
"sample_1586",-0.342785955999475
"sample_1587",-0.460957056408717
"sample_1588",-0.495245753484592
"sample_1589",-0.36495831653731
"sample_159",-0.200831154253748
"sample_1590",-0.376475339450403
"sample_1591",-0.371507522456784
"sample_1592",-0.233700277487862
"sample_1593",-0.426366536740137
"sample_1594",-0.463349421974378
"sample_1595",-0.361164514619551
"sample_1596",-0.291927857953854
"sample_1597",-0.377617434101485
"sample_1598",-0.39287326146442
"sample_1599",-0.425891606735813
"sample_16",-0.209502323828204
"sample_160",-0.539282276307398
"sample_1600",-0.466126337027611
"sample_1601",-0.225521697307782
"sample_1602",-0.241660856322382
"sample_1603",-0.40519613348678
"sample_1604",-0.495245753484592
"sample_1605",-0.202218718710919
"sample_1606",0.0145994789623222
"sample_1607",0.0278929605472337
"sample_1608",-0.457640453289052
"sample_1609",-0.38697679009104
"sample_161",-0.519821009279484
"sample_1610",-0.245648716273121
"sample_1611",-0.18302480634156
"sample_1612",0.125431432325971
"sample_1613",-0.182646656821037
"sample_1614",-0.200831154253748
"sample_1615",-0.338624670579515
"sample_1616",-0.34751181592745
"sample_1617",-0.329062033965492
"sample_1618",-0.473591258867376
"sample_1619",-0.22742161994292
"sample_162",-0.487113139966487
"sample_1620",-0.412833374969213
"sample_1621",-0.538419888604246
"sample_1622",-0.495100966487308
"sample_1623",-0.17468607798651
"sample_1624",-0.298326397885932
"sample_1625",-0.740368748577188
"sample_1626",-0.94129380371488
"sample_1627",-0.332524787829687
"sample_1628",-0.325181574599416
"sample_1629",-0.220950380384455
"sample_163",-0.242870347946613
"sample_1630",-0.366873483304873
"sample_1631",-0.357456474551141
"sample_1632",-0.358282908351469
"sample_1633",-0.0366660477294158
"sample_1634",-0.373801150668854
"sample_1635",-0.487838393354945
"sample_1636",-0.400968921123272
"sample_1637",-0.133802316138039
"sample_1638",-0.243207882170055
"sample_1639",-0.409543702228888
"sample_164",-0.255399889476201
"sample_1640",-0.464058563537569
"sample_1641",-0.433336273331646
"sample_1642",-0.0544709055192858
"sample_1643",0.182702767618645
"sample_1644",0.0499765818508398
"sample_1645",0.107090075442202
"sample_1646",-0.465599206530818
"sample_1647",-0.552661463096893
"sample_1648",-0.166093043667611
"sample_1649",-0.465143069633798
"sample_165",-0.241660856322382
"sample_1650",-0.0766698831181892
"sample_1651",-0.411731505323062
"sample_1652",-0.457805313327162
"sample_1653",-0.353479352767873
"sample_1654",-0.405788018605947
"sample_1655",-0.500246082837863
"sample_1656",-0.512332505795633
"sample_1657",-0.828673047067603
"sample_1658",-0.356522448038999
"sample_1659",-0.247414512653736
"sample_166",-0.296173763669041
"sample_1660",-0.405788018605947
"sample_1661",-0.246473963202813
"sample_1662",-0.517529265762242
"sample_1663",-0.457640453289052
"sample_1664",-0.413746771847705
"sample_1665",-0.779710424820403
"sample_1666",-0.453659428898465
"sample_1667",-0.260663223687333
"sample_1668",-0.242680161285056
"sample_1669",-0.227174546334725
"sample_167",-0.306301578096817
"sample_1670",-0.200831154253748
"sample_1671",0.122900289801088
"sample_1672",-0.255280129979135
"sample_1673",0.013256622956415
"sample_1674",-0.241660856322382
"sample_1675",0.152212880444161
"sample_1676",-0.2445340898498
"sample_1677",-0.412365489659255
"sample_1678",-0.234697069694911
"sample_1679",-0.225521697307782
"sample_168",-0.366495290053126
"sample_1680",-0.241660856322382
"sample_1681",-0.337182610897585
"sample_1682",-0.265619616669562
"sample_1683",-0.382518352020867
"sample_1684",-0.573871177803429
"sample_1685",-0.264618101553341
"sample_1686",0.161584646291199
"sample_1687",0.00970062781411124
"sample_1688",-0.67157903244336
"sample_1689",-0.125175785585018
"sample_169",-0.45252355784145
"sample_1690",-0.228746099180859
"sample_1691",-0.167576871756522
"sample_1692",-0.276642349284046
"sample_1693",0.00900511505802141
"sample_1694",-0.354505863112138
"sample_1695",-0.506320092051864
"sample_1696",-0.47746765884975
"sample_1697",-0.164133072542736
"sample_1698",0.221250628002017
"sample_1699",0.124698443815807
"sample_17",-0.239193196235494
"sample_170",-0.163322162188867
"sample_1700",-0.725138146319111
"sample_1701",-0.544545808583831
"sample_1702",-0.271305577683403
"sample_1703",-0.438658878920356
"sample_1704",-0.308104999737486
"sample_1706",-0.355645199879541
"sample_1707",-0.309345846234582
"sample_1708",-0.315487371641379
"sample_1709",-0.426145586430151
"sample_171",-0.581298912468241
"sample_1710",-0.537206274820486
"sample_1711",-0.268681770449522
"sample_1712",-0.241660856322382
"sample_1713",-0.344125172060059
"sample_1714",-0.452150504969383
"sample_1715",0.0754293604772361
"sample_1716",-0.162764355642187
"sample_1717",-0.423859234884529
"sample_1718",-0.259787029910247
"sample_1719",-0.21596912254422
"sample_172",-0.664675278005292
"sample_1720",-0.263898217553753
"sample_1721",0.0972028708632106
"sample_1722",-0.387695241420868
"sample_1723",-0.266172083155592
"sample_1724",-0.457640453289052
"sample_1725",-0.457640453289052
"sample_1726",-0.0843957514970567
"sample_1727",-0.247500632191765
"sample_1728",-0.449075844998671
"sample_1729",-0.476940604193494
"sample_173",-0.163513108767222
"sample_1730",-0.518889591378719
"sample_1731",3.0589623436651
"sample_1732",3.40484098616136
"sample_1733",2.03088461348014
"sample_1734",2.79761194345705
"sample_1735",2.79761194345705
"sample_1736",1.99876731876031
"sample_1737",2.56641416705341
"sample_1738",1.79645133049872
"sample_1739",2.17682047432755
"sample_174",0.018827356474803
"sample_1740",2.01082333407323
"sample_1741",1.69784519281043
"sample_1742",1.39760915273215
"sample_1743",1.90533299200424
"sample_1744",1.51925751433649
"sample_1745",1.92179401037232
"sample_1746",1.88840304012514
"sample_1747",1.47805933498324
"sample_1748",2.98562345568213
"sample_1749",2.87720480803329
"sample_175",-0.411994164786915
"sample_1750",2.98819917075294
"sample_1751",2.64941918959684
"sample_1752",2.38505926138342
"sample_1753",1.79319252173505
"sample_1754",1.70560415081431
"sample_1755",2.56487179668831
"sample_1756",2.48772324551105
"sample_1757",2.40050573266716
"sample_1758",3.22261757965588
"sample_1759",3.20926487741487
"sample_176",-0.337182610897585
"sample_1760",1.65280621675188
"sample_1761",2.01082333407323
"sample_1762",2.44130740457137
"sample_1763",3.92293396773381
"sample_1764",2.64941918959684
"sample_1765",1.36728589325424
"sample_1766",2.01082333407323
"sample_1767",2.09082548239725
"sample_1768",2.64856819413273
"sample_1769",2.56015618709436
"sample_177",-0.409217529196923
"sample_1770",2.33373734075806
"sample_1771",1.54010229039348
"sample_1772",1.50812499330894
"sample_1773",1.86686639154208
"sample_1774",2.06130687631384
"sample_1775",1.86653323995393
"sample_1776",1.50812499330894
"sample_1777",2.11968691867016
"sample_1778",1.45054703059549
"sample_1779",2.02430055488454
"sample_178",0.0904279845645504
"sample_1780",3.21993497592609
"sample_1781",2.01082333407323
"sample_1782",1.9702053734901
"sample_1783",2.06085014836776
"sample_1784",2.37371696606902
"sample_1785",2.4684052803596
"sample_1786",1.41481657536259
"sample_1787",1.35582032607621
"sample_1788",1.71685408918195
"sample_1789",1.28964222580542
"sample_179",0.0755597645118231
"sample_1790",1.78000692313009
"sample_1791",1.86781967232383
"sample_1792",1.68994042027905
"sample_1793",2.01082333407323
"sample_1794",2.01082333407323
"sample_1795",2.70460841847285
"sample_1796",1.80693535673671
"sample_1797",1.56607477887533
"sample_1798",1.43836110464099
"sample_1799",2.77004477168099
"sample_18",-0.359037418793697
"sample_180",-0.27826202483001
"sample_1800",1.77741281446942
"sample_1801",3.0911799196676
"sample_1802",2.01082333407323
"sample_1803",2.36228528776714
"sample_1804",2.54743030081103
"sample_1805",2.01082333407323
"sample_1807",2.01082333407323
"sample_1808",2.01082333407323
"sample_1809",2.01082333407323
"sample_181",-0.375402142989358
"sample_1810",2.01082333407323
"sample_1811",2.01082333407323
"sample_1812",1.39547022310984
"sample_1813",1.64472634452166
"sample_1814",2.01082333407323
"sample_1815",2.01082333407323
"sample_1816",1.30663203734741
"sample_1817",1.68375722676657
"sample_1818",1.4949892868624
"sample_1819",1.60707775965719
"sample_182",-0.244532264257042
"sample_1820",2.01082333407323
"sample_1821",2.5623368385527
"sample_1822",2.95506486459286
"sample_1823",2.33624918335913
"sample_1824",1.74468965803408
"sample_1825",1.54416461664205
"sample_1826",2.41361014666664
"sample_1827",3.25929169170941
"sample_1828",3.21184636600253
"sample_1829",2.01082333407323
"sample_183",-0.330338291587374
"sample_1830",2.01082333407323
"sample_1831",2.92287794798011
"sample_1832",2.04452028152475
"sample_1833",1.60491884027717
"sample_1834",2.01082333407323
"sample_1835",2.01082333407323
"sample_1836",1.51621847959145
"sample_1837",2.01082333407323
"sample_1838",2.64941918959684
"sample_1839",2.01082333407323
"sample_184",-0.269224632903829
"sample_1840",2.01082333407323
"sample_1841",2.01082333407323
"sample_1842",2.58024483416104
"sample_1843",2.02234000698833
"sample_1844",1.44694436744618
"sample_1845",2.01082333407323
"sample_1846",2.01082333407323
"sample_1847",2.10689295255768
"sample_1848",3.22455137948578
"sample_1849",2.06085014836776
"sample_185",-0.219122203257602
"sample_1850",1.88458166358341
"sample_1851",2.01082333407323
"sample_1852",2.01082333407323
"sample_1853",1.73373574616188
"sample_1854",1.71685984449901
"sample_1856",2.61856326170112
"sample_1857",2.60357693525713
"sample_1858",1.92010748168506
"sample_1859",2.94441257490773
"sample_186",-0.311307654724908
"sample_1860",1.66480053003633
"sample_1861",1.35102030278403
"sample_1862",2.48954532551149
"sample_1863",2.01082333407323
"sample_1864",2.01082333407323
"sample_1865",1.43792097045216
"sample_1867",1.30418762253073
"sample_1868",1.88840304012514
"sample_1869",1.60272343940003
"sample_187",-0.382004731426707
"sample_1870",1.60782880531819
"sample_1871",1.24316911555515
"sample_1872",1.4493838959867
"sample_1873",1.9638846822679
"sample_1874",1.65907692018277
"sample_1875",2.01082333407323
"sample_1876",1.88840304012514
"sample_1877",2.06633381677012
"sample_1878",1.3699879938298
"sample_1879",1.5900267713809
"sample_188",-0.0944776378429984
"sample_1880",2.01481524189532
"sample_1881",2.0320884580755
"sample_1882",0.800494836170195
"sample_1883",2.347545219296
"sample_1884",2.10253772039575
"sample_1885",1.27958580196779
"sample_1886",1.98300053251214
"sample_1887",2.05978558688417
"sample_1888",2.17841900456005
"sample_1889",2.47226782827494
"sample_189",-0.287224909759693
"sample_1890",1.25880032074894
"sample_1891",2.01082333407323
"sample_1892",1.99521132237181
"sample_1893",1.2730480761406
"sample_1894",2.04396715141116
"sample_1895",0.382715806423593
"sample_1896",2.01082333407323
"sample_1897",1.67849814414811
"sample_1898",2.01082333407323
"sample_1899",2.00010000462568
"sample_19",-0.370371231692654
"sample_190",-0.385476775909378
"sample_1900",1.85012991532686
"sample_1901",2.06085014836776
"sample_1902",2.38505926138342
"sample_1903",2.01082333407323
"sample_1904",2.01082333407323
"sample_1905",2.2900504200661
"sample_1906",2.43161373816861
"sample_1907",2.18941153712878
"sample_1908",2.70594608698182
"sample_1909",2.01082333407323
"sample_191",-0.437856543610427
"sample_1910",2.01082333407323
"sample_1911",1.88840304012514
"sample_1912",1.85012991532686
"sample_1913",1.7797981626715
"sample_1914",2.01082333407323
"sample_1915",1.78686810379388
"sample_1916",2.01082333407323
"sample_1917",2.01082333407323
"sample_1918",2.06355678949248
"sample_1919",1.80357846616441
"sample_192",-0.88209117061011
"sample_1921",2.01082333407323
"sample_1922",2.59113106816975
"sample_1923",3.20926487741487
"sample_1924",3.62569324642443
"sample_1925",1.68385245695549
"sample_1926",1.6812808689958
"sample_1927",2.01476828697279
"sample_1928",2.16188427989562
"sample_1929",2.01082333407323
"sample_193",-0.955896612389772
"sample_1930",1.89522052244426
"sample_1931",2.71013954926665
"sample_1932",2.01082333407323
"sample_1933",1.72843311005775
"sample_1934",1.80487691678546
"sample_1935",2.65178802917583
"sample_1936",2.01082333407323
"sample_1937",2.01082333407323
"sample_1938",2.01082333407323
"sample_1939",1.29649291998241
"sample_194",-0.374619440809262
"sample_1940",2.10579000054389
"sample_1941",1.33642633316217
"sample_1942",2.01082333407323
"sample_1943",2.33551406926913
"sample_1944",2.52853450835772
"sample_1945",2.01082333407323
"sample_1946",1.83015623139588
"sample_1947",2.01082333407323
"sample_1948",2.01476828697279
"sample_1949",2.01476828697279
"sample_195",-0.170018861457174
"sample_1950",2.01082333407323
"sample_1951",2.71013954926665
"sample_1952",2.01082333407323
"sample_1953",1.97891604285978
"sample_1954",2.01082333407323
"sample_1955",1.32583158001572
"sample_1956",1.3870320126588
"sample_1957",1.63980927093768
"sample_1958",1.97062704892809
"sample_1959",1.96194247841857
"sample_196",-0.323790501955803
"sample_1960",1.80097815455521
"sample_1962",2.25617347655554
"sample_1963",1.86397482702469
"sample_1964",2.01082333407323
"sample_1965",2.01476828697279
"sample_1966",2.29500073019847
"sample_1967",2.10699680614605
"sample_1968",1.69388537317871
"sample_1969",3.19241293508762
"sample_197",-0.524219482627596
"sample_1970",2.0316631776696
"sample_1971",2.01082333407323
"sample_1972",2.01082333407323
"sample_1973",3.05806621941069
"sample_1974",1.79547471590801
"sample_1975",3.33269421747777
"sample_1976",2.36418720327373
"sample_1977",2.59515340560893
"sample_1978",2.6675192180808
"sample_1979",3.12573743612402
"sample_198",0.131260280728109
"sample_1980",2.94305091297565
"sample_1981",1.43538964553737
"sample_1982",1.7795563459924
"sample_1984",1.78924756883548
"sample_1985",2.51189732172911
"sample_1986",3.39360170943994
"sample_1987",3.36793226572505
"sample_1988",2.06355678949248
"sample_1989",1.90826291676383
"sample_199",0.137209072054448
"sample_1990",2.06912204270277
"sample_1991",2.01082333407323
"sample_1992",1.32896508736437
"sample_1993",2.64941918959684
"sample_1994",2.29024447707132
"sample_1995",2.64045038945583
"sample_1996",2.59042357516129
"sample_1997",2.60109367367255
"sample_1998",2.18758579370756
"sample_2",-0.396093203984644
"sample_20",-0.559688094988013
"sample_200",-0.444509586990154
"sample_201",-0.255238568851685
"sample_202",-0.181994537070068
"sample_203",-0.282196192637636
"sample_204",-0.33888499631498
"sample_205",-0.81097947374343
"sample_206",-0.458151634084073
"sample_207",-0.228746099180859
"sample_208",0.0681570748920817
"sample_209",-0.07416914044953
"sample_21",-0.764619541804585
"sample_210",-0.356009924052187
"sample_211",-0.0970578475507586
"sample_212",-0.351288767883208
"sample_213",-0.362950914428898
"sample_214",-0.285330176214476
"sample_215",-0.566470348312268
"sample_216",-0.132242409951834
"sample_217",-0.623738871605549
"sample_218",-0.294713670108091
"sample_219",-0.156809126822743
"sample_22",-0.384127076251036
"sample_220",-0.356164185266292
"sample_221",-0.339523091438663
"sample_222",-0.358253236514487
"sample_223",-0.224140449850173
"sample_224",-0.241660856322382
"sample_225",-0.198663237846099
"sample_226",-0.446184684375297
"sample_227",-0.651443695765507
"sample_228",-0.584931996657716
"sample_229",-0.284266485871187
"sample_23",-0.228955475801152
"sample_230",-0.276642349284046
"sample_231",-0.241660856322382
"sample_232",-0.241660856322382
"sample_233",-1.04723108773736
"sample_234",-0.287154802011627
"sample_235",-0.38751916022693
"sample_236",-0.284971448736572
"sample_237",-0.2445340898498
"sample_238",-0.237376780119348
"sample_239",-0.241660856322382
"sample_240",-0.532316297694468
"sample_241",0.131714961321511
"sample_242",-0.199220086811689
"sample_243",-0.339321444808151
"sample_244",-1.09342364890248
"sample_245",-0.312541743525702
"sample_246",-0.233810760402275
"sample_247",-0.381759296063372
"sample_248",-0.576828500852152
"sample_249",-0.776514486181077
"sample_25",-0.403019368368734
"sample_250",-0.541669280201248
"sample_251",0.344163039867484
"sample_252",-0.155702073531797
"sample_253",-0.979673250962919
"sample_254",-1.01574332865179
"sample_255",-0.444725696147536
"sample_256",-0.343249428124768
"sample_257",-0.252492843091572
"sample_258",-0.161136504177068
"sample_259",-0.390774450541832
"sample_26",-0.516812274554508
"sample_260",-0.540203522492414
"sample_261",-0.465438314982969
"sample_262",-0.0839553199016585
"sample_263",-0.2566742813734
"sample_264",0.258459115505729
"sample_265",-0.378821160823082
"sample_266",-0.420279505835183
"sample_267",-0.420007536409651
"sample_268",-0.375133230636825
"sample_269",-0.374730980673982
"sample_27",-0.242372082473083
"sample_270",-0.375579439887285
"sample_271",-0.208033284978025
"sample_272",0.145295217991696
"sample_273",-0.283710088120141
"sample_274",-0.44409021954969
"sample_275",-0.360303869152225
"sample_276",-0.20245629302087
"sample_277",-0.599368088285737
"sample_278",-0.374459995109041
"sample_279",-0.274746415069858
"sample_28",-0.536324881846764
"sample_280",-0.251819808652617
"sample_281",-0.376034447691691
"sample_282",-0.0981210323150355
"sample_283",-0.502117673008297
"sample_284",-0.480594354503022
"sample_285",-0.484475598249923
"sample_286",-0.778604656037955
"sample_287",-0.270793806297672
"sample_288",-0.381811287934086
"sample_289",-0.592728053433975
"sample_29",-0.506310102534418
"sample_290",-0.385018170681591
"sample_291",-0.672117567230041
"sample_292",-0.607463603107477
"sample_293",-0.418940619529845
"sample_294",-0.253003151636804
"sample_295",-0.42616260107493
"sample_296",-0.447881128354862
"sample_297",-0.297521700470111
"sample_298",-0.158390384743051
"sample_299",1.45674937744829
"sample_3",-0.0293837066268246
"sample_30",-0.533451648319345
"sample_300",-0.445703963852296
"sample_301",0.0445951837993844
"sample_302",-0.361380935120408
"sample_303",-0.23346206787618
"sample_304",-0.538033246103832
"sample_305",0.419935373100091
"sample_306",0.278090110348222
"sample_307",-0.111566067864436
"sample_308",-0.301747757517641
"sample_309",-0.207121920247044
"sample_31",-0.316422545867519
"sample_310",-0.309464096583819
"sample_311",-0.140786147074442
"sample_312",-0.294039937762886
"sample_313",-0.550287373600591
"sample_314",-0.423348054089502
"sample_315",-0.637270496372536
"sample_316",-0.568435406974906
"sample_317",-0.0575811608664749
"sample_318",-0.292329392029323
"sample_319",-0.236543960874773
"sample_32",-0.151247216593728
"sample_320",-0.211567078647435
"sample_321",-0.483947112979744
"sample_322",-0.366631314872873
"sample_323",-0.228746099180859
"sample_324",-0.321124039786179
"sample_325",-0.493317909145448
"sample_326",-0.480593432410552
"sample_327",-0.34031026197803
"sample_328",-0.285554762697369
"sample_329",-0.238436454449295
"sample_33",-0.550620411755711
"sample_330",-0.342162594406694
"sample_331",-0.227973652817328
"sample_332",-0.387011568709538
"sample_333",-0.489155876834529
"sample_334",-0.308360864253655
"sample_335",-0.395977258345221
"sample_336",-0.52102685487194
"sample_337",-0.755213682811519
"sample_338",-0.763068518788554
"sample_339",-0.859988273832842
"sample_34",-0.23424741193072
"sample_340",-0.364963921588194
"sample_341",-0.228746099180859
"sample_342",-0.71172655836132
"sample_343",0.0237537168712478
"sample_344",-0.0630022849972622
"sample_345",-0.200831154253748
"sample_346",-0.200831154253748
"sample_347",-0.238436454449295
"sample_348",-0.249619609564144
"sample_349",-0.176927970402185
"sample_35",-0.0478391013691816
"sample_350",-0.262055183518455
"sample_351",-0.221739133556763
"sample_352",-0.204621302341582
"sample_353",0.582176799984154
"sample_354",-0.557054746354365
"sample_355",-0.319247978832851
"sample_356",-0.156776581264557
"sample_357",-0.249105133060263
"sample_358",-0.172785727223791
"sample_359",-0.116975577090032
"sample_36",-0.416808925627659
"sample_360",-0.296080730413626
"sample_361",-0.575957450807722
"sample_362",-0.396058422421668
"sample_363",-0.216060128744461
"sample_364",-0.347626898685321
"sample_365",-0.341045119826213
"sample_366",-1.01723300548244
"sample_367",-0.301203994932668
"sample_368",-0.416617175332053
"sample_369",-0.380742424540685
"sample_37",-0.437878302482602
"sample_370",-0.313708981613357
"sample_371",-0.245553394812488
"sample_372",-0.270389426136177
"sample_373",-0.360077680901483
"sample_374",-0.206772348455576
"sample_375",-0.292101997115351
"sample_376",-0.205594082027709
"sample_378",-0.305608252901625
"sample_379",-0.410433296947977
"sample_38",-0.36936852358054
"sample_380",-0.241660856322382
"sample_381",-0.465599206530818
"sample_382",-0.315173640826152
"sample_383",-0.518264624335794
"sample_384",-0.37536721692545
"sample_385",-0.486198340932003
"sample_386",-0.269598805500158
"sample_387",-0.181283749895296
"sample_388",-0.296112294663343
"sample_389",-0.240015175298417
"sample_39",-0.319037386496022
"sample_390",-0.464813035406912
"sample_391",-0.648961779965842
"sample_392",-0.478010672711097
"sample_393",-0.420155112379792
"sample_394",-0.29164870059015
"sample_395",0.0962482549428044
"sample_396",-0.162162418436034
"sample_397",-0.279991017399635
"sample_398",-0.481133872137676
"sample_399",-0.396850326307526
"sample_4",-0.389585357578417
"sample_40",-0.366930140549942
"sample_400",-0.32888998985758
"sample_401",-0.368595304212471
"sample_402",-0.0282788613726151
"sample_403",0.0949816844138867
"sample_404",-0.905818552119427
"sample_405",-0.635912060796764
"sample_406",0.213719181023714
"sample_407",-0.676561638400304
"sample_408",-0.533402446792256
"sample_409",-0.375625529093097
"sample_41",-0.448542533450869
"sample_410",-0.0392854181626904
"sample_411",-0.462030114693819
"sample_412",-0.26775369151885
"sample_413",-0.320647936318948
"sample_414",-0.383615658068111
"sample_415",-0.457640453289052
"sample_416",-0.335812434412112
"sample_417",-0.190712804150925
"sample_418",-0.259380136879367
"sample_419",-0.344711814857543
"sample_42",-0.194480516051555
"sample_420",-0.282177135990058
"sample_421",-0.107392394984506
"sample_422",-0.602984101891121
"sample_423",-0.58168962651382
"sample_424",-0.27118929382868
"sample_425",-0.486343204792206
"sample_426",-0.881516020484008
"sample_427",-0.141079229183449
"sample_428",-0.377360863825854
"sample_429",-0.26483498543283
"sample_43",-0.692072110919553
"sample_430",-0.242680161285056
"sample_431",-0.243194210795418
"sample_432",-0.241660856322382
"sample_433",-0.390312206010611
"sample_434",-0.495495179778139
"sample_435",-0.217161284047289
"sample_436",-0.200831154253748
"sample_437",-0.307430527738573
"sample_438",-0.409889942864653
"sample_439",-0.212020058493121
"sample_44",0.164521669629994
"sample_440",-0.091424730645976
"sample_441",-0.352410808475904
"sample_442",-0.427130159480458
"sample_443",-0.264612787773008
"sample_444",-0.242539363787712
"sample_445",-0.370500815216038
"sample_446",-0.320903318121758
"sample_447",-0.679776893982455
"sample_448",-0.712334609870295
"sample_449",-0.40844839861615
"sample_45",0.595980641791003
"sample_450",-0.541581711592612
"sample_451",-0.505562112113916
"sample_452",-0.454355985891428
"sample_453",-0.299029745796785
"sample_454",0.0918245794000745
"sample_455",-0.208033284978025
"sample_457",-0.211017661693624
"sample_458",-0.461765979066867
"sample_459",-0.0427372768539767
"sample_46",-0.18863449629719
"sample_460",-0.180048518686944
"sample_461",-0.362733306969459
"sample_462",-0.249321743511293
"sample_463",-0.397682981097026
"sample_464",-0.449122652966082
"sample_465",-0.292064347565099
"sample_466",-0.28053488777414
"sample_467",-0.302024642491495
"sample_468",-0.208386672398045
"sample_469",-0.244228867602815
"sample_47",-0.402449443579957
"sample_470",-0.490694971633019
"sample_471",-0.356164185266292
"sample_472",-0.304557294211148
"sample_473",0.0237003461157233
"sample_474",-0.183009090297675
"sample_475",-0.277574361843534
"sample_476",-0.330577779273125
"sample_477",-0.355262429347548
"sample_478",-0.355771960605605
"sample_479",-0.412882808220944
"sample_48",0.394950931634492
"sample_480",-0.509260662615058
"sample_481",-0.551079780034152
"sample_482",-0.388735652656065
"sample_483",-0.523372847114954
"sample_484",-0.290323054090591
"sample_485",-0.363357562429485
"sample_486",-0.567239861262043
"sample_487",-0.319578190033426
"sample_488",-0.721403655217406
"sample_489",-0.97624237741548
"sample_49",0.06369179192584
"sample_490",-0.58150261608577
"sample_491",-0.427441253694347
"sample_492",-0.0948705015946251
"sample_493",-0.377690064730085
"sample_494",0.0816986050628391
"sample_495",-0.124503271276587
"sample_496",-0.4032135365607
"sample_497",-0.429853936719855
"sample_498",-0.700735215701641
"sample_499",0.171594578618268
"sample_5",-0.315380293118575
"sample_50",-0.480634861564634
"sample_500",-0.365527210249003
"sample_501",-0.915698190190857
"sample_502",-0.434695478642331
"sample_503",0.0611252600183708
"sample_504",-0.225521697307782
"sample_505",-0.401126407881344
"sample_506",-0.316531218373467
"sample_507",-0.301392979982599
"sample_508",-0.27926615651793
"sample_509",-0.304557294211148
"sample_51",-0.349085237797498
"sample_510",-0.262970969625024
"sample_511",-0.166105328267991
"sample_512",-0.27926615651793
"sample_513",-0.190033008122156
"sample_514",-0.294926132345315
"sample_515",-0.205118469925187
"sample_516",-0.241660856322382
"sample_517",-0.283416840814989
"sample_518",-0.373617062983098
"sample_519",-0.401883544385842
"sample_52",-0.346386440793473
"sample_520",-0.153493995180479
"sample_521",-0.320166449631
"sample_522",-0.542702403435079
"sample_523",-0.202720848500283
"sample_524",-0.224765074790286
"sample_525",-0.260962046403033
"sample_526",-0.566121290459285
"sample_527",-0.672966147189775
"sample_528",-0.495797831216988
"sample_529",-0.279618827987492
"sample_53",-0.457640453289052
"sample_530",-0.321871786066725
"sample_531",-0.201850459216432
"sample_532",-0.330471637402784
"sample_533",-0.302996150050466
"sample_534",-0.250787029798892
"sample_535",-0.0293443410750415
"sample_536",0.0304519580987539
"sample_537",-0.367839141388344
"sample_538",-0.187492824677932
"sample_539",-0.464213218879151
"sample_54",-0.493108287235093
"sample_540",-0.682531227010581
"sample_541",-0.804723199526362
"sample_542",-0.555126658371247
"sample_543",-0.233978652125817
"sample_544",-0.325269913046584
"sample_545",-0.442378235797769
"sample_546",-0.241660856322381
"sample_547",0.259459672444532
"sample_548",-0.359795370145395
"sample_549",-0.339156099954559
"sample_55",-0.473443201644468
"sample_550",-0.405518492341184
"sample_551",0.0773849225653913
"sample_552",-0.356641768735872
"sample_553",-0.468815717048518
"sample_554",0.241771348451542
"sample_555",-0.0688075072560894
"sample_556",-0.236543960874773
"sample_557",-0.277280817988222
"sample_558",-0.340781334085407
"sample_559",-0.289499322469188
"sample_56",0.130238395819246
"sample_560",-0.348878241822302
"sample_561",-0.517759987229978
"sample_562",-0.258384226991738
"sample_563",-0.354402537056874
"sample_564",-0.234433826648426
"sample_565",-0.0846850563618542
"sample_566",0.551199647281081
"sample_567",-0.453122470318341
"sample_568",0.231840958792351
"sample_569",0.214889183105759
"sample_57",0.366624830605505
"sample_570",-0.274169467897657
"sample_571",-0.318117987914495
"sample_572",0.278966700303195
"sample_574",-0.364201694019815
"sample_575",-0.543915402729959
"sample_576",-0.393028294427386
"sample_577",-0.197767174881029
"sample_578",-0.170094333156148
"sample_579",-0.30057626982057
"sample_58",-0.29560878118561
"sample_580",-0.401435381138375
"sample_581",-0.464886472254798
"sample_582",-0.427471413970166
"sample_583",-0.288146861232705
"sample_584",-0.390623465523357
"sample_585",-0.322423179178855
"sample_586",-0.222465854111594
"sample_587",-0.399580968306044
"sample_588",-0.229765404143544
"sample_589",-0.533451648319345
"sample_59",-0.1816730561201
"sample_590",-0.409433829104318
"sample_591",-0.419132532945944
"sample_592",-0.228746099180859
"sample_593",-0.284266485871187
"sample_594",-0.332943063407479
"sample_595",-0.338201915860262
"sample_596",-0.295359195230382
"sample_597",-0.700937968506711
"sample_598",-0.759167172504777
"sample_599",-0.287224909759693
"sample_6",-0.358704296466372
"sample_60",-0.233622662603554
"sample_600",-0.230636853083028
"sample_601",-0.239455759411971
"sample_602",-0.366495290053126
"sample_603",-0.473397068224732
"sample_604",-0.36384711913013
"sample_605",-0.360077680901483
"sample_606",-0.272614959212411
"sample_607",-0.39368908507453
"sample_608",-0.208794474452572
"sample_609",-0.331471635742626
"sample_61",-0.387160765773278
"sample_610",-0.196412162872757
"sample_611",-0.514886753702562
"sample_612",-0.491507714238052
"sample_613",-0.381958265808585
"sample_614",-0.635762210959831
"sample_615",-0.43979645467966
"sample_616",-0.318558885070743
"sample_617",-0.483808809641672
"sample_619",-0.346910351944817
"sample_62",-0.317472051352671
"sample_620",0.167969607166088
"sample_621",-0.687562516784404
"sample_622",-0.310586454428277
"sample_623",-0.25132504197652
"sample_624",-0.21406807915553
"sample_625",-0.293075270499996
"sample_626",-0.228746099180859
"sample_627",-0.422833907323981
"sample_628",-0.380461664242137
"sample_63",-0.297372213791646
"sample_631",-0.339040541750348
"sample_632",-0.288188926181807
"sample_633",-0.334889014864275
"sample_634",-0.503204506726361
"sample_635",-0.334222361416332
"sample_636",-0.157856613818985
"sample_637",-0.690105148908411
"sample_638",-0.404374944167674
"sample_639",-0.533451648319345
"sample_64",-0.176454543987814
"sample_640",-0.499584218597795
"sample_641",-0.0494596115008348
"sample_642",0.462573281378302
"sample_643",-0.228746099180859
"sample_644",-0.306742667980045
"sample_645",-0.255290636316264
"sample_646",-0.253003151636804
"sample_647",-0.324267853756069
"sample_648",-0.155785679429715
"sample_649",-0.629753220171487
"sample_65",-0.200946785107564
"sample_650",-0.27926615651793
"sample_651",-0.367514595015803
"sample_652",-0.374687163745247
"sample_653",-0.249452907189938
"sample_654",-0.212063344067866
"sample_655",-0.520800033316376
"sample_656",-0.500246082837863
"sample_657",-0.282502833979162
"sample_658",-0.251146666805702
"sample_659",-0.262857049943852
"sample_66",-0.140174277574206
"sample_660",-0.314017344912339
"sample_661",-0.588688497324909
"sample_662",-0.119640636790261
"sample_663",-0.146615666395909
"sample_664",-0.56411567464305
"sample_665",-0.27926615651793
"sample_666",-0.292225239112952
"sample_667",-0.399386484381315
"sample_668",-0.485998948350293
"sample_669",-0.439225066366766
"sample_67",0.0423985380147554
"sample_670",-0.200831154253748
"sample_671",-0.389304496510247
"sample_672",-0.391412573067338
"sample_673",-0.21586058326127
"sample_674",-0.197767174881029
"sample_675",-0.370461576247902
"sample_676",-0.480264785021098
"sample_677",-0.344310318625353
"sample_678",-0.212571624665407
"sample_679",-0.241660856322382
"sample_68",-0.398348314548529
"sample_680",-0.418347724736237
"sample_681",-0.31131667446688
"sample_682",-0.340413655839065
"sample_683",-0.266351399376404
"sample_684",-0.312348016468162
"sample_685",-0.241660856322382
"sample_686",-0.0434143456732
"sample_687",-0.586183381391515
"sample_688",-0.160881214617305
"sample_689",-0.206594494976242
"sample_69",0.397869348329048
"sample_690",-0.422897806302559
"sample_691",-0.666675401561205
"sample_692",-0.346287473501651
"sample_693",-0.341973094125987
"sample_694",-0.484597031799715
"sample_695",-0.128050242144647
"sample_696",-0.2445340898498
"sample_697",-0.497978364207763
"sample_698",-0.247038217944203
"sample_699",-0.479813599956198
"sample_7",-0.91818274566119
"sample_70",-0.711689716647595
"sample_700",-0.0166992369118066
"sample_701",-0.271578759282125
"sample_702",-0.368497871780321
"sample_703",-0.397682981097026
"sample_704",-0.275057902686492
"sample_705",-0.35102033870925
"sample_706",-0.354351357827905
"sample_707",-0.277223703899103
"sample_708",-0.11207931845256
"sample_709",-0.337477143078257
"sample_71",-0.506620030936239
"sample_710",-0.195085282761871
"sample_711",-0.284266485871187
"sample_712",-0.328551878096911
"sample_713",-0.435048391004415
"sample_714",-0.58033648218907
"sample_715",-0.435840359024963
"sample_716",-0.374718351766179
"sample_717",-0.200831154253748
"sample_718",-0.356164185266292
"sample_719",-0.453659428898465
"sample_72",-1.0691924328735
"sample_720",-0.260871745761715
"sample_721",-0.229595805152021
"sample_722",-0.174532576397533
"sample_723",-0.241660856322382
"sample_724",-0.437299906721798
"sample_725",-0.102552789822047
"sample_726",-0.433056630384585
"sample_727",-0.353807269980343
"sample_728",-0.333704080047943
"sample_729",-0.310525757352707
"sample_73",-0.317472051352671
"sample_730",-0.282137564452582
"sample_731",-0.301669478779233
"sample_732",0.0331122148349395
"sample_733",-0.264750129000399
"sample_734",0.518583242941974
"sample_735",-0.444093408730717
"sample_736",-0.452387908526919
"sample_737",-0.29887237917933
"sample_738",-0.305000844345282
"sample_739",-0.33549899923736
"sample_74",-0.188768548854487
"sample_740",-0.241660856322382
"sample_741",-0.139700950104285
"sample_742",0.0903105610863918
"sample_743",-0.229239342223374
"sample_744",-0.0166124042326706
"sample_745",-0.555181941892122
"sample_746",-0.241660856322382
"sample_747",-0.148978719570645
"sample_748",-0.241660856322382
"sample_749",-0.093863235844577
"sample_75",-0.148978719570645
"sample_750",-0.500246082837863
"sample_751",0.193200098506262
"sample_752",-0.272003977626507
"sample_753",-0.507955965841003
"sample_754",-0.383615436456702
"sample_755",-0.249619609564144
"sample_756",-0.276642349284046
"sample_757",-0.258747608633417
"sample_758",-0.313894667601358
"sample_759",-0.326161676967002
"sample_76",-0.279833980163836
"sample_760",-0.237186588889291
"sample_761",-0.308716548903204
"sample_762",-0.404475056565995
"sample_763",-0.316042286988249
"sample_764",-0.213874339753186
"sample_765",-0.524408307259065
"sample_766",-0.286464150007047
"sample_767",-0.351391955975439
"sample_768",-0.360674857113219
"sample_769",-0.284244271566421
"sample_77",-0.462881030955029
"sample_770",-0.190827726601951
"sample_771",-0.472644261678773
"sample_772",-0.42507396781268
"sample_773",-0.319692725628498
"sample_774",-0.469900443823092
"sample_775",0.730886208742181
"sample_776",-0.27926615651793
"sample_777",-0.429179711505423
"sample_778",-0.416054128702931
"sample_779",-0.0258270557180534
"sample_78",-0.483276959013586
"sample_780",-0.305555355518414
"sample_781",-0.187916397112229
"sample_782",0.261315485529254
"sample_783",-0.203704387781168
"sample_784",-0.115844837381481
"sample_785",-0.230475875614771
"sample_786",-0.328308620642243
"sample_787",-0.290754581577294
"sample_788",-0.359734290246279
"sample_789",-0.339156099954558
"sample_79",-0.241660856322382
"sample_790",-0.27533517679294
"sample_791",-0.404963971820886
"sample_792",-0.636017526044861
"sample_794",-0.137642339499498
"sample_795",-0.706981863025965
"sample_796",-0.172114877274083
"sample_797",-0.256585207184212
"sample_798",-0.34514136413935
"sample_799",-0.254268770571749
"sample_8",-0.249458718016292
"sample_80",-0.370831256282868
"sample_800",-0.320647936318948
"sample_801",-0.376029394793721
"sample_802",-0.327514509433733
"sample_803",-0.583630858492892
"sample_804",-0.497689855744021
"sample_805",-0.888489630906125
"sample_806",-0.478564224343991
"sample_807",0.156133124473969
"sample_808",-0.416054128702931
"sample_809",-0.379348572977827
"sample_81",-0.34514136413935
"sample_810",-0.372619936014562
"sample_811",-0.303321445598347
"sample_812",-0.185471932577881
"sample_813",-0.350911150446919
"sample_814",-0.4469791886863
"sample_815",-0.491223045065293
"sample_816",0.171315629546294
"sample_817",-0.416054128702931
"sample_818",-0.273634723868455
"sample_819",-0.421204412797742
"sample_82",-0.249619609564144
"sample_820",-0.519311671598527
"sample_821",-0.296307775418286
"sample_822",-0.489341605621777
"sample_823",0.140870585129751
"sample_824",-0.543351420751529
"sample_825",-0.441501294274445
"sample_826",-0.475521720048629
"sample_827",-0.489221680710095
"sample_828",-0.452034886659383
"sample_829",-0.378710539421932
"sample_83",-0.241660856322382
"sample_830",-0.431975380296583
"sample_831",-0.267211138504571
"sample_832",0.296498254423945
"sample_833",-0.0783205580134349
"sample_834",-0.247745083735928
"sample_835",-0.592211775379064
"sample_836",-0.320647936318948
"sample_837",-0.564093485802261
"sample_838",-0.349606727349615
"sample_839",-0.287224909759693
"sample_84",-0.0217193851703953
"sample_840",-0.290043447409932
"sample_841",-0.241660856322382
"sample_842",-0.366523933518771
"sample_843",-0.364620204776652
"sample_844",-0.275913167460732
"sample_845",0.214583508662666
"sample_846",-0.304077131435432
"sample_847",0.0779545168324924
"sample_848",-0.0659342737286753
"sample_849",-0.312186522902159
"sample_85",-0.319247978832851
"sample_850",-0.208629015947662
"sample_851",-0.565018652068451
"sample_852",-0.402799789252499
"sample_853",-0.319252450411553
"sample_854",0.323834071536684
"sample_855",-0.503119316365288
"sample_856",-0.441334926344161
"sample_857",-0.405535166931949
"sample_858",-0.280285461480596
"sample_859",-0.420961435517476
"sample_86",-0.24182571636049
"sample_860",-0.553162207864262
"sample_861",-0.815127181330805
"sample_862",-0.548097444062679
"sample_863",-0.522080130865758
"sample_864",-0.461689999370572
"sample_865",-0.399598886010627
"sample_866",-0.440708777765163
"sample_867",-0.318558885070743
"sample_868",-0.410126695036717
"sample_869",-0.357628611574377
"sample_87",-0.449679874454533
"sample_870",0.265202339055422
"sample_871",-0.541159854128182
"sample_872",0.324151351549914
"sample_873",-0.346122661652188
"sample_874",-0.29203518524022
"sample_875",-0.508381825003249
"sample_876",-0.373225854771642
"sample_877",-0.171168004392869
"sample_878",-0.321247628265279
"sample_879",-0.585285409671912
"sample_88",-0.353991252958434
"sample_880",-0.245396023133089
"sample_881",-0.440233815558089
"sample_882",-0.597103379424054
"sample_883",-0.381771587190825
"sample_884",-0.0225320848589341
"sample_885",-0.284266485871187
"sample_886",0.355669093596473
"sample_887",-0.38436086649306
"sample_888",-0.237109724436202
"sample_889",-0.389423162016902
"sample_89",-0.462301030677336
"sample_890",-0.399974942950628
"sample_891",-0.63262645369891
"sample_892",-0.201848633623675
"sample_893",-0.426306477978005
"sample_894",-0.571557477700382
"sample_895",-0.349420337584155
"sample_896",-0.296376406352183
"sample_897",-0.213255270705777
"sample_898",-0.190789630639648
"sample_899",-0.525375691295069
"sample_9",-0.24182571636049
"sample_90",-0.346499633944143
"sample_900",-0.388582371717423
"sample_901",-0.353732138124301
"sample_902",-0.337182610897585
"sample_903",-0.218733988484083
"sample_904",-0.241660856322382
"sample_905",-0.734672793539864
"sample_906",-0.229942420576783
"sample_907",-0.470695053366845
"sample_908",-0.269653806536422
"sample_909",-0.304311662070722
"sample_91",-0.0106805455264489
"sample_910",-0.58264208110238
"sample_911",-0.207603921064914
"sample_912",-0.303369441753644
"sample_913",-0.585268925233358
"sample_914",-0.143779879137641
"sample_915",-0.329008051351559
"sample_916",-0.471149943949938
"sample_917",-0.225204242557633
"sample_918",-0.556164561427069
"sample_919",0.423514514317596
"sample_92",-0.385284024921572
"sample_920",-0.161310462647686
"sample_921",-0.228746099180859
"sample_922",-0.333562693460462
"sample_923",-0.355077351548217
"sample_924",-0.39195611524966
"sample_925",-0.248308907626487
"sample_926",0.177501822938045
"sample_927",-0.541676862238277
"sample_928",-0.0530195165871445
"sample_929",-0.605813484517226
"sample_93",-0.508898232626343
"sample_930",-0.560886430470736
"sample_931",-0.422506354724717
"sample_932",-0.280311477292818
"sample_933",-0.281042083998102
"sample_934",-0.250380799038697
"sample_935",-0.282139390045346
"sample_936",-0.27926615651793
"sample_937",-0.45551257602057
"sample_938",-0.49979634068709
"sample_939",-0.385973846695064
"sample_94",-0.508934787033405
"sample_940",-0.497864687568708
"sample_941",-0.803126337715193
"sample_942",-0.467730272400429
"sample_943",-0.394319259922339
"sample_944",-0.534109087851191
"sample_945",-0.453941273120897
"sample_946",-0.238834430000113
"sample_947",-0.494681571692687
"sample_948",-0.164207437515477
"sample_949",-0.612611991497102
"sample_95",-0.383164288582698
"sample_950",0.0989755294558086
"sample_951",0.265444280319444
"sample_952",-0.0979167315009822
"sample_953",-0.241660856322382
"sample_954",-0.326241342813045
"sample_955",-0.630965435161735
"sample_956",0.118899309300709
"sample_957",-0.508204836079625
"sample_958",0.191505608996985
"sample_959",-0.520198092201059
"sample_960",-0.40704090672659
"sample_961",-0.374533965248024
"sample_962",-0.262246258786048
"sample_963",-0.458791847940272
"sample_964",-0.575375920914505
"sample_965",-0.554267981378294
"sample_966",-0.608140124155082
"sample_967",-0.479095964324485
"sample_968",-0.741511632701952
"sample_969",-0.716060977857211
"sample_97",-0.751116681493376
"sample_970",-0.363624088943073
"sample_971",-0.319056141808416
"sample_972",-0.276788711298872
"sample_973",-0.193713010269329
"sample_974",-0.295793127442134
"sample_975",-0.329704836325286
"sample_976",-0.445609359250093
"sample_977",-0.677881009978025
"sample_978",-0.284266485871187
"sample_979",0.046033000771343
"sample_98",-0.183770464550253
"sample_980",-0.178510280443655
"sample_981",-0.0296394749365669
"sample_982",-0.346917291619537
"sample_983",-1.12581974941728
"sample_984",-0.274837451835443
"sample_985",-0.997073854126856
"sample_986",-0.759916315540185
"sample_987",-0.50205732622549
"sample_988",-0.317472051352671
"sample_989",-0.457640453289052
"sample_99",-0.329327119115412
"sample_990",-0.567158629159109
"sample_991",-0.17111396398063
"sample_992",-0.293752296354516
"sample_993",-0.444725696147536
"sample_994",-0.305672369225404
"sample_995",-0.390353496643353
"sample_996",-0.270373081434171
"sample_997",-0.55520018357195
"sample_998",-0.506299002784673
"sample_999",-0.281610469674027
